window_start,window_end,frozen_auc,incr_auc,periodic_auc
0,100,0.6485000000000001,0.69495,0.69495
100,200,0.7049000000000001,0.7354999999999999,0.7354999999999999
200,300,0.5445500000000001,0.6886,0.6715
300,400,0.6629,0.7058000000000001,0.723
400,500,0.7157500000000001,0.7843500000000001,0.76155
500,600,0.62085,0.7524,0.7419999999999999
600,700,0.659,0.7332000000000001,0.7362
700,800,0.7048,0.7764,0.7867
800,900,0.639,0.75375,0.73505
900,1000,0.7113,0.7948,0.757
1000,1100,0.73505,0.7889000000000002,0.754
1100,1200,0.7760500000000001,0.8056,0.8158
1200,1300,0.738,0.7854000000000001,0.7741
1300,1400,0.7824000000000001,0.8071,0.8075
1400,1500,0.67035,0.7927,0.7208
1500,1600,0.6676000000000001,0.7944,0.7467999999999999
1600,1700,0.7242,0.7685,0.7884
1700,1800,0.7072,0.7891,0.7593000000000001
1800,1900,0.6995,0.7817000000000001,0.8224
1900,2000,0.6587000000000001,0.7629999999999999,0.7658
2000,2100,0.7755000000000001,0.8003,0.8076
2100,2200,0.6629,0.7223,0.7011
2200,2300,0.7181499999999998,0.7262,0.7406
2300,2400,0.68645,0.76565,0.7467499999999999
2400,2500,0.7386,0.757,0.7909
2500,2600,0.7309,0.7928999999999999,0.7749
2600,2700,0.7396499999999999,0.7671,0.7687999999999999
2700,2800,0.65455,0.8412000000000001,0.7889
2800,2900,0.6741,0.7385999999999999,0.7419
2900,3000,0.7384,0.7863,0.7927
3000,3100,0.5737,0.7752,0.7496
3100,3200,0.6577999999999999,0.7746999999999999,0.7502
3200,3300,0.7155499999999999,0.78535,0.81725
3300,3400,0.7035,0.7156,0.6894
3400,3500,0.8131999999999999,0.7695,0.7676999999999999
3500,3600,0.73005,0.7808999999999999,0.815
3600,3700,0.5835,0.7299,0.6961
3700,3800,0.6908,0.8126,0.7692
3800,3900,0.7120500000000001,0.7083999999999999,0.7596
3900,4000,0.7565999999999999,0.8156,0.7832
4000,4100,0.663,0.7774,0.7871
4100,4200,0.7201,0.7485999999999999,0.6960000000000001
4200,4300,0.7396499999999999,0.7375,0.7318
4300,4400,0.6941499999999999,0.7265999999999999,0.6844
4400,4500,0.62765,0.7776000000000001,0.7581
4500,4600,0.62495,0.7213999999999999,0.7494
4600,4700,0.6243000000000001,0.7843,0.7641
4700,4800,0.6785,0.7552,0.7343
4800,4900,0.7144,0.7727999999999999,0.8153
4900,5000,0.6913,0.7751,0.7708999999999999
5000,5100,0.68945,0.7725,0.7681
5100,5200,0.6688,0.7631,0.7686999999999999
5200,5300,0.63615,0.7574000000000001,0.7969999999999999
5300,5400,0.6131499999999999,0.7665,0.742
5400,5500,0.6957000000000001,0.7613,0.7355
5500,5600,0.7256,0.8074,0.7825
5600,5700,0.7325,0.7579,0.7454000000000001
5700,5800,0.76935,0.7836000000000001,0.7812
5800,5900,0.66915,0.7961,0.8034999999999999
5900,6000,0.6743999999999999,0.7941,0.7903
6000,6100,0.6628499999999999,0.7945,0.8281
6100,6200,0.7903,0.7952999999999999,0.8262
6200,6300,0.7255,0.81445,0.766
6300,6400,0.7256,0.7686,0.739
6400,6500,0.72045,0.7615,0.8032
6500,6600,0.6849999999999999,0.7864,0.7765
6600,6700,0.6720500000000001,0.7787,0.7866
6700,6800,0.6794,0.79265,0.8140499999999999
6800,6900,0.7197,0.7818,0.7015
6900,7000,0.7473,0.8247,0.7706999999999999
7000,7100,0.71995,0.83185,0.81675
7100,7200,0.736,0.8505,0.8513000000000001
7200,7300,0.7071,0.7867,0.7757000000000001
7300,7400,0.6452000000000001,0.7867999999999999,0.7929999999999999
7400,7500,0.71035,0.7838,0.8076
7500,7600,0.72495,0.813,0.8240000000000001
7600,7700,0.5528000000000001,0.873,0.8690000000000001
7700,7800,0.5539000000000001,0.7765000000000001,0.8261999999999999
7800,7900,0.7115999999999999,0.7996,0.7917000000000001
7900,8000,0.6968000000000001,0.8089000000000001,0.7408999999999999
8000,8100,0.6195,0.7606999999999999,0.741
8100,8200,0.6801999999999999,0.7808999999999999,0.7593
8200,8300,0.7513,0.7693,0.7383
8300,8400,0.6046,0.7479,0.7571000000000001
8400,8500,0.65295,0.7519,0.8147
8500,8600,0.62345,0.735,0.7454999999999999
8600,8700,0.7362499999999998,0.821,0.7602
8700,8800,0.7387,0.7737,0.7541
8800,8900,0.67925,0.7503,0.7279
8900,9000,0.7085,0.7367,0.7195
9000,9100,0.7389500000000001,0.76405,0.79235
9100,9200,0.7151,0.7926,0.7287
9200,9300,0.6379000000000001,0.7649,0.7814
9300,9400,0.7623499999999999,0.7787999999999999,0.772
9400,9500,0.7543500000000001,0.7938,0.7893
9500,9600,0.6614000000000001,0.7402,0.7406999999999999
9600,9700,0.682,0.7883,0.7786
9700,9800,0.77175,0.8177,0.8017
9800,9900,0.7099,0.75955,0.7839499999999999
9900,10000,0.6779999999999999,0.7101000000000001,0.7619
10000,10100,0.71645,0.7783,0.7749
10100,10200,0.7095,0.7107999999999999,0.7469
10200,10300,0.70665,0.6836,0.7756000000000001
10300,10400,0.7207999999999999,0.7376,0.7679
10400,10500,0.6766999999999999,0.77885,0.8187500000000001
10500,10600,0.7047,0.7676999999999999,0.7846
10600,10700,0.7299,0.7696,0.733
10700,10800,0.7163,0.8245,0.8271999999999999
10800,10900,0.6808,0.7926,0.774
10900,11000,0.7081,0.768,0.7846000000000001
11000,11100,0.6772,0.7258,0.7362
11100,11200,0.69175,0.7159,0.7352
11200,11300,0.6486500000000001,0.783,0.7608999999999999
11300,11400,0.6639999999999999,0.7647,0.7781
11400,11500,0.72925,0.765,0.7683
11500,11600,0.6604000000000001,0.7454,0.7911
11600,11700,0.7285,0.8332999999999999,0.7704
11700,11800,0.7218,0.7627999999999999,0.7726
11800,11900,0.6346,0.747,0.7886
11900,12000,0.6667500000000001,0.7271,0.7843
12000,12100,0.64345,0.7345,0.7785
12100,12200,0.69375,0.7101999999999999,0.7817
12200,12300,0.7187000000000001,0.7768999999999999,0.79
12300,12400,0.59685,0.7587,0.7531
12400,12500,0.7492,0.6979,0.7396
12500,12600,0.7456999999999999,0.8501,0.8260000000000001
12600,12700,0.64775,0.7494000000000001,0.7384999999999999
12700,12800,0.6546499999999998,0.8373999999999999,0.7947
12800,12900,0.6285000000000001,0.7436,0.7801
12900,13000,0.5468000000000001,0.8220000000000001,0.8647
13000,13100,0.6401000000000001,0.8038000000000001,0.8521000000000001
13100,13200,0.6714,0.7372000000000001,0.8041
13200,13300,0.7013,0.7451,0.7879999999999999
13300,13400,0.75485,0.8053,0.7603
13400,13500,0.6789499999999999,0.7615,0.7802
13500,13600,0.655,0.7891,0.7523
13600,13700,0.7221,0.80575,0.757
13700,13800,0.72085,0.8219,0.7761
13800,13900,0.6797500000000001,0.7779,0.7873
13900,14000,0.6776000000000001,0.7408,0.7783
14000,14100,0.71265,0.8371,0.883
14100,14200,0.7001,0.724,0.7628999999999999
14200,14300,0.66395,0.7217,0.7678
14300,14400,0.53195,0.7322,0.7464
14400,14500,0.5736499999999999,0.7397,0.7955999999999999
14500,14600,0.74165,0.7428,0.7748
14600,14700,0.6848000000000001,0.76665,0.78925
14700,14800,0.60695,0.7772,0.7632000000000001
14800,14900,0.7542,0.8039,0.8063
14900,15000,0.6705000000000001,0.7686,0.7551
15000,15100,0.7014,0.817,0.8052
15100,15200,0.6384500000000001,0.6964999999999999,0.6895
15200,15300,0.7134,0.7842,0.8
15300,15400,0.562,0.7611,0.7746
15400,15500,0.37685,0.7807999999999999,0.7459
15500,15600,0.33464999999999995,0.7723,0.7633000000000001
15600,15700,0.3332,0.6977,0.6836000000000001
15700,15800,0.44485,0.7667999999999999,0.7108
15800,15900,0.3898,0.8147,0.7028
15900,16000,0.40015,0.8236,0.7208
16000,16100,0.32835000000000003,0.7384999999999999,0.7434
16100,16200,0.44919999999999993,0.7735,0.8134
16200,16300,0.4703,0.7959,0.7627
16300,16400,0.41374999999999995,0.7925,0.7158
16400,16500,0.44615000000000005,0.7698,0.7222
16500,16600,0.45705000000000007,0.7930999999999999,0.7546999999999999
16600,16700,0.40445,0.7215,0.6935
16700,16800,0.425,0.7843,0.8474
16800,16900,0.47295,0.7808999999999999,0.7941
16900,17000,0.4416,0.7559,0.7901
17000,17100,0.44684999999999997,0.71165,0.7262500000000001
17100,17200,0.45875,0.7649,0.799
17200,17300,0.64145,0.8129,0.7492
17300,17400,0.6649999999999999,0.8207,0.7757000000000001
17400,17500,0.6286,0.7835,0.7944
17500,17600,0.7262,0.8618,0.8752
17600,17700,0.7104499999999999,0.7555000000000001,0.752
17700,17800,0.7279,0.7228000000000001,0.7604
17800,17900,0.7115999999999999,0.8155,0.7657
17900,18000,0.6535500000000001,0.7685000000000001,0.7563
18000,18100,0.6866,0.8356,0.7566999999999999
18100,18200,0.6670999999999999,0.8516,0.8019
18200,18300,0.7245499999999999,0.7512,0.7926
18300,18400,0.6006,0.7984,0.7803
18400,18500,0.62425,0.7123,0.7035
18500,18600,0.6093500000000001,0.7532,0.7656000000000001
18600,18700,0.5902,0.7691,0.7595
18700,18800,0.6663,0.755,0.7824
18800,18900,0.6971,0.7068000000000001,0.7646000000000001
18900,19000,0.69455,0.7747999999999999,0.7857999999999999
19000,19100,0.6830999999999999,0.7320000000000001,0.7214
19100,19200,0.78575,0.8229,0.8101
19200,19300,0.7056500000000001,0.7205999999999999,0.7652
19300,19400,0.7352,0.7643,0.8032
19400,19500,0.6227,0.7867999999999999,0.7915000000000001
19500,19600,0.7364,0.7559,0.8094
19600,19700,0.66155,0.7617999999999999,0.7707999999999999
19700,19800,0.6824,0.7496,0.7735000000000001
19800,19900,0.7625,0.7733,0.7734
19900,20000,0.7201,0.752,0.7583
20000,20100,0.7229000000000001,0.7879,0.7528999999999999
20100,20200,0.61225,0.7897,0.7961
20200,20300,0.5795,0.73465,0.72445
20300,20400,0.6477499999999999,0.7385,0.7575000000000001
20400,20500,0.6073500000000001,0.7552,0.7679
20500,20600,0.5986,0.7487999999999999,0.7668999999999999
20600,20700,0.7037,0.7427999999999999,0.7293000000000001
20700,20800,0.5414,0.7554,0.7803
20800,20900,0.36119999999999997,0.7836,0.8405
20900,21000,0.4059500000000001,0.7614,0.7978000000000001
21000,21100,0.43625,0.7203,0.7177
21100,21200,0.5359,0.7743,0.8442000000000001
21200,21300,0.6499,0.7929999999999999,0.8351999999999999
21300,21400,0.6458500000000001,0.7467999999999999,0.7203999999999999
21400,21500,0.6614999999999999,0.7695,0.7592
21500,21600,0.6644499999999999,0.7623,0.7739
21600,21700,0.5321499999999999,0.7882,0.8085
21700,21800,0.4084,0.7615999999999999,0.9118
21800,21900,0.39144999999999996,0.7598,0.7885
21900,22000,0.3368499999999999,0.7134,0.758
22000,22100,0.3579,0.7872,0.788
22100,22200,0.3474,0.7123999999999999,0.798
22200,22300,0.3625,0.7792,0.8653
22300,22400,0.36655,0.7347,0.8412
22400,22500,0.3795,0.7348999999999999,0.8514999999999999
22500,22600,0.39895,0.7689999999999999,0.7491000000000001
22600,22700,0.35829999999999995,0.8322,0.8376
22700,22800,0.35135,0.6909000000000001,0.7648999999999999
22800,22900,0.41905000000000003,0.738,0.9051
22900,23000,0.4142,0.76945,0.89635
23000,23100,0.3574,0.7707999999999999,0.8341000000000001
23100,23200,0.4336,0.7589999999999999,0.8621
23200,23300,0.4655999999999999,0.77195,0.84425
23300,23400,0.4426,0.7865,0.8128
23400,23500,0.42175,0.7364999999999999,0.7638
23500,23600,0.3973,0.7424,0.7423
23600,23700,0.4306999999999999,0.7215,0.796
23700,23800,0.4626,0.7264999999999999,0.8354
23800,23900,0.38739999999999997,0.6797,0.7656
23900,24000,0.4663,0.7801,0.8109999999999999
24000,24100,0.7508999999999999,0.7865,0.7868999999999999
24100,24200,0.5703499999999999,0.8079000000000001,0.7915
24200,24300,0.66605,0.8493999999999999,0.8002
24300,24400,0.7139000000000001,0.7218,0.8143
24400,24500,0.5962999999999998,0.7125,0.7416
24500,24600,0.55445,0.8069,0.8360000000000001
24600,24700,0.6607999999999999,0.7852999999999999,0.7756
24700,24800,0.7787,0.8488,0.8067
24800,24900,0.6957500000000001,0.7585,0.7635000000000001
24900,25000,0.65445,0.8141,0.8156
25000,25100,0.6705000000000001,0.8139000000000001,0.7758
25100,25200,0.6816,0.7423,0.8125
25200,25300,0.6528499999999999,0.77105,0.7838499999999999
25300,25400,0.70865,0.8434999999999999,0.8526
25400,25500,0.64465,0.8095,0.8024
25500,25600,0.6167,0.7621500000000001,0.75315
25600,25700,0.6903999999999999,0.8284,0.8343
25700,25800,0.6576,0.7451,0.7135
25800,25900,0.6539499999999999,0.7848,0.7421
25900,26000,0.7017,0.8175,0.7967
26000,26100,0.7575500000000002,0.7443,0.7657
26100,26200,0.65985,0.7604,0.7395
26200,26300,0.74385,0.7999999999999999,0.7788999999999999
26300,26400,0.6556500000000001,0.7672,0.8047
26400,26500,0.6748999999999998,0.7464,0.7873
26500,26600,0.6649499999999999,0.7925,0.7982
26600,26700,0.6026,0.8292,0.7798999999999999
26700,26800,0.6994,0.7829999999999999,0.7845
26800,26900,0.6452,0.7063999999999999,0.7208
26900,27000,0.73485,0.7955,0.8129
27000,27100,0.6873,0.7681,0.76
27100,27200,0.6936,0.7688,0.8214
27200,27300,0.6509,0.8495,0.8077
27300,27400,0.6294000000000001,0.7738499999999999,0.77165
27400,27500,0.62015,0.8193,0.7188
27500,27600,0.71925,0.7232999999999999,0.7703
27600,27700,0.73195,0.7626999999999999,0.7845
27700,27800,0.57375,0.7928,0.7963
27800,27900,0.6310500000000001,0.7719,0.8299000000000001
27900,28000,0.6260999999999999,0.8695,0.8230999999999999
28000,28100,0.6378500000000001,0.817,0.7736
28100,28200,0.5958,0.7552,0.7917000000000001
28200,28300,0.6983,0.8097,0.8331
28300,28400,0.60605,0.764,0.8069000000000001
28400,28500,0.7913,0.7791,0.7366999999999999
28500,28600,0.647,0.7762,0.7558
28600,28700,0.69745,0.7928,0.7808
28700,28800,0.714,0.7874000000000001,0.7634
28800,28900,0.7034,0.7837,0.8265
28900,29000,0.7308,0.8114,0.7692
29000,29100,0.6285500000000002,0.9096000000000001,0.902
29100,29200,0.7710500000000001,0.8424,0.8164
29200,29300,0.69355,0.78,0.7530999999999999
29300,29400,0.6641,0.8135,0.8101
29400,29500,0.6735,0.7632,0.7833000000000001
29500,29600,0.6922,0.8235,0.8034000000000001
29600,29700,0.6665000000000001,0.8117,0.7844
29700,29800,0.67815,0.7355,0.7499
29800,29900,0.637,0.7835000000000001,0.8114
29900,30000,0.6254000000000001,0.8446,0.8216
30000,30100,0.6717,0.7509,0.7562
30100,30200,0.67325,0.7640999999999999,0.7664
30200,30300,0.6422,0.7830499999999999,0.8126499999999999
30300,30400,0.65195,0.7559,0.7196999999999999
30400,30500,0.6348500000000001,0.7153999999999999,0.729
30500,30600,0.6533500000000001,0.8521,0.8292999999999999
30600,30700,0.7145,0.792,0.8216
30700,30800,0.592,0.743,0.7213
30800,30900,0.47905000000000003,0.772,0.7753
30900,31000,0.47905,0.8035,0.7852
31000,31100,0.4173,0.71705,0.66225
31100,31200,0.4682,0.7965,0.7639
31200,31300,0.492,0.7586999999999999,0.7386
31300,31400,0.4084,0.846,0.7771
31400,31500,0.5184,0.7531000000000001,0.7496
31500,31600,0.5181,0.7544,0.8014
31600,31700,0.45795,0.7215,0.7315
31700,31800,0.397,0.7219000000000001,0.7112
31800,31900,0.46230000000000004,0.7657,0.6773
31900,32000,0.38800000000000007,0.7069,0.6718
32000,32100,0.42479999999999996,0.7852,0.7449
32100,32200,0.34965,0.8271,0.8016000000000001
32200,32300,0.37250000000000005,0.7054,0.6338
32300,32400,0.4007,0.7758,0.7030000000000001
32400,32500,0.4349,0.75465,0.73995
32500,32600,0.36010000000000003,0.7053,0.74
32600,32700,0.3653,0.742,0.7851999999999999
32700,32800,0.26375,0.8401000000000001,0.8255
32800,32900,0.46045,0.8755999999999999,0.7562
32900,33000,0.7075,0.7581,0.7898000000000001
33000,33100,0.5630999999999999,0.7768999999999999,0.7168000000000001
33100,33200,0.6632499999999999,0.7765,0.7692999999999999
33200,33300,0.7881,0.7961,0.8220000000000001
33300,33400,0.69885,0.73175,0.78325
33400,33500,0.7235,0.8262,0.8336
33500,33600,0.756,0.7919,0.8263
33600,33700,0.7113499999999999,0.7521,0.7824
33700,33800,0.5950000000000001,0.7699,0.7362
33800,33900,0.58555,0.752,0.7544
33900,34000,0.57285,0.7535000000000001,0.7719
34000,34100,0.661,0.7652,0.7697
34100,34200,0.6818500000000001,0.8200000000000001,0.7942
34200,34300,0.533,0.81855,0.75775
34300,34400,0.6341,0.7529,0.7725
34400,34500,0.6589999999999999,0.7635000000000001,0.7808
34500,34600,0.6766000000000001,0.8246,0.8435
34600,34700,0.5963,0.7568,0.8167
34700,34800,0.60185,0.8010999999999999,0.8165
34800,34900,0.66415,0.7284999999999999,0.7563
34900,35000,0.6467499999999999,0.7712,0.7931
35000,35100,0.722,0.8052,0.7958999999999999
35100,35200,0.6091500000000001,0.8073000000000001,0.799
35200,35300,0.74725,0.7482,0.7929999999999999
35300,35400,0.7081000000000001,0.7187999999999999,0.7338
35400,35500,0.65755,0.789,0.7809999999999999
35500,35600,0.6882499999999999,0.7355,0.7292000000000001
35600,35700,0.6402999999999999,0.7686999999999999,0.7441
35700,35800,0.6769000000000002,0.8854,0.8666
35800,35900,0.7027,0.8223,0.7682
35900,36000,0.7162,0.8387,0.8264
36000,36100,0.7337,0.7719,0.7484
36100,36200,0.6752499999999999,0.771,0.7953
36200,36300,0.7004000000000001,0.8121,0.8032999999999999
36300,36400,0.6642,0.7099,0.7313000000000001
36400,36500,0.71975,0.7617499999999999,0.81205
36500,36600,0.7278499999999999,0.8492000000000001,0.8147
36600,36700,0.71395,0.8025,0.8094
36700,36800,0.6459999999999999,0.86615,0.83825
36800,36900,0.6595500000000001,0.7006,0.7446
36900,37000,0.6877000000000001,0.8014,0.7894
37000,37100,0.7061999999999999,0.7156,0.78
37100,37200,0.7058,0.7788999999999999,0.7818
37200,37300,0.73815,0.7807,0.7947
37300,37400,0.6446,0.6895,0.7675000000000001
37400,37500,0.6732,0.7594,0.7735
37500,37600,0.6484,0.8364,0.8407
37600,37700,0.6819,0.7967,0.7632
37700,37800,0.58325,0.7368999999999999,0.7089
37800,37900,0.7293999999999999,0.8589,0.8874
37900,38000,0.50885,0.7696000000000001,0.7521
38000,38100,0.5433,0.7555999999999999,0.7433000000000001
38100,38200,0.4415,0.7462,0.7093
38200,38300,0.4333,0.6886,0.7661
38300,38400,0.4338,0.73885,0.74065
38400,38500,0.3856,0.7077,0.7086
38500,38600,0.4203,0.6693,0.6567000000000001
38600,38700,0.3346,0.6997,0.717
38700,38800,0.43670000000000003,0.729,0.7322
38800,38900,0.5101000000000001,0.7444,0.7748
38900,39000,0.40880000000000005,0.691,0.7425999999999999
39000,39100,0.42210000000000003,0.7539,0.7652
39100,39200,0.589,0.7802,0.7613000000000001
39200,39300,0.623,0.8196,0.8130999999999999
39300,39400,0.67215,0.79,0.7838999999999999
39400,39500,0.7226999999999999,0.6988,0.7706999999999999
39500,39600,0.7024,0.67875,0.79155
39600,39700,0.6279,0.7515,0.7346
39700,39800,0.6808500000000001,0.8085,0.7895
39800,39900,0.7541,0.7622,0.76
39900,40000,0.7832,0.8124,0.8662
40000,40100,0.6809000000000001,0.7606999999999999,0.795
40100,40200,0.6682,0.7224,0.7017
40200,40300,0.7344000000000002,0.7448999999999999,0.7531000000000001
40300,40400,0.4701000000000001,0.7721,0.8134
40400,40500,0.44635,0.79365,0.75565
40500,40600,0.43805000000000005,0.7457,0.7601
40600,40700,0.3928,0.6933,0.6466999999999999
40700,40800,0.3815,0.6595,0.6547999999999999
40800,40900,0.49265000000000003,0.8246,0.8038
40900,41000,0.48530000000000006,0.817,0.7149
41000,41100,0.6224000000000001,0.7782,0.7338
41100,41200,0.5691,0.7846,0.7306
41200,41300,0.5641,0.857,0.7722
41300,41400,0.5194,0.8969,0.7793
41400,41500,0.4564000000000001,0.8831,0.7547999999999999
41500,41600,0.50105,0.8562,0.7203
41600,41700,0.51715,0.8117,0.7906
41700,41800,0.43955,0.7856,0.7788
41800,41900,0.4736,0.7451000000000001,0.7894
41900,42000,0.4475,0.7045,0.7362
42000,42100,0.4001,0.6599,0.6798
42100,42200,0.3981,0.7234,0.6827
42200,42300,0.38385,0.785,0.7140000000000001
42300,42400,0.3944,0.7639,0.7874000000000001
42400,42500,0.4031,0.7315,0.8207
42500,42600,0.4678,0.7553,0.7927
42600,42700,0.41665,0.7412,0.7111000000000001
42700,42800,0.6496000000000001,0.7581,0.8044
42800,42900,0.6629,0.8178000000000001,0.7739
42900,43000,0.7044500000000001,0.7871999999999999,0.7858999999999999
43000,43100,0.6364,0.7894,0.7717
43100,43200,0.6892,0.679,0.7494000000000001
43200,43300,0.6589,0.8076000000000001,0.7388
43300,43400,0.6767,0.8202,0.7764
43400,43500,0.76665,0.784,0.8421
43500,43600,0.7348,0.8315,0.8237
43600,43700,0.67925,0.8323,0.8163999999999999
43700,43800,0.5997000000000001,0.7216,0.7608
43800,43900,0.7031000000000001,0.7268,0.7147
43900,44000,0.6729500000000002,0.7196,0.742
44000,44100,0.7326,0.7602,0.7455
44100,44200,0.6918,0.8454,0.8116
44200,44300,0.7719,0.7789,0.813
44300,44400,0.7432,0.8159000000000001,0.7866
44400,44500,0.68665,0.7956,0.8001
44500,44600,0.72945,0.7422,0.7411
44600,44700,0.7636499999999999,0.7488999999999999,0.7632
44700,44800,0.7812,0.7548999999999999,0.7881
44800,44900,0.7477,0.84255,0.8178500000000001
44900,45000,0.6582000000000001,0.6992,0.7561
45000,45100,0.6993499999999999,0.8003,0.7618
45100,45200,0.6959,0.7401,0.7476
45200,45300,0.721,0.6626,0.7364999999999999
45300,45400,0.7471,0.7363000000000001,0.7771
45400,45500,0.7971,0.7710999999999999,0.7814
45500,45600,0.7182000000000001,0.7295,0.7492
45600,45700,0.6686,0.7790999999999999,0.73
45700,45800,0.7203,0.7646999999999999,0.8069999999999999
45800,45900,0.71835,0.8408,0.7827
45900,46000,0.7362499999999998,0.7908999999999999,0.8055
46000,46100,0.6791,0.7751,0.8173
46100,46200,0.65945,0.8336999999999999,0.8037
46200,46300,0.6474,0.7747999999999999,0.7831
46300,46400,0.6929500000000001,0.7835,0.7884
46400,46500,0.7041,0.742,0.8107
46500,46600,0.7006500000000001,0.73685,0.79365
46600,46700,0.7679999999999999,0.7886,0.7888999999999999
46700,46800,0.7321500000000001,0.7724,0.7728
46800,46900,0.7182000000000002,0.78335,0.76695
46900,47000,0.7202,0.8106,0.8336
47000,47100,0.66495,0.765,0.8052999999999999
47100,47200,0.7211500000000001,0.7461,0.7795000000000001
47200,47300,0.6942000000000002,0.7719,0.7935
47300,47400,0.64055,0.7459,0.7275
47400,47500,0.6293,0.8043,0.7915000000000001
47500,47600,0.6792,0.7582,0.7675000000000001
47600,47700,0.7416,0.6887,0.7403
47700,47800,0.66525,0.7571,0.7969999999999999
47800,47900,0.714,0.8345,0.8075
47900,48000,0.65205,0.7820999999999999,0.7534000000000001
48000,48100,0.6517,0.8664000000000001,0.8659
48100,48200,0.49439999999999995,0.7323,0.7621
48200,48300,0.4645,0.7633,0.7536
48300,48400,0.44820000000000004,0.67045,0.72695
48400,48500,0.4585,0.7317,0.7063999999999999
48500,48600,0.4978,0.7649999999999999,0.786
48600,48700,0.4784,0.7419,0.7807000000000001
48700,48800,0.44050000000000006,0.8002,0.7149000000000001
48800,48900,0.43849999999999995,0.7443,0.8263
48900,49000,0.4241,0.7515000000000001,0.7361
49000,49100,0.3738,0.743,0.7352000000000001
49100,49200,0.3409,0.757,0.6754
49200,49300,0.472,0.8135,0.717
49300,49400,0.3894,0.7817999999999999,0.6997
49400,49500,0.3558,0.6666,0.7336
49500,49600,0.33165,0.6912,0.699
49600,49700,0.3357,0.7926,0.7598999999999999
49700,49800,0.41714999999999997,0.7542,0.769
49800,49900,0.3553,0.7347,0.7788
49900,50000,0.47374999999999995,0.7239,0.7685
50000,50100,0.7018,0.826,0.8209
50100,50200,0.7158499999999999,0.7848,0.7379
50200,50300,0.6960500000000001,0.8091999999999999,0.7611999999999999
50300,50400,0.71365,0.7896000000000001,0.7962
50400,50500,0.7224,0.7898000000000001,0.8399
50500,50600,0.7447,0.7866,0.8109
50600,50700,0.5055,0.8140000000000001,0.749
50700,50800,0.36505,0.7848,0.7412
50800,50900,0.40804999999999997,0.7633,0.7338000000000001
50900,51000,0.39665,0.7144,0.6784
51000,51100,0.43889999999999996,0.7878999999999999,0.7574
51100,51200,0.40630000000000005,0.7625,0.7282
51200,51300,0.4093,0.7878000000000001,0.7706000000000001
51300,51400,0.41315,0.8027,0.7979
51400,51500,0.34730000000000005,0.764,0.7191
51500,51600,0.3429,0.7404000000000001,0.6573
51600,51700,0.35885,0.8168,0.8293
51700,51800,0.39125,0.71225,0.73275
51800,51900,0.74165,0.7932999999999999,0.798
51900,52000,0.6740499999999999,0.80315,0.72365
52000,52100,0.6479,0.7449,0.7442
52100,52200,0.7794000000000001,0.8053,0.8217000000000001
52200,52300,0.71755,0.8214,0.8385
52300,52400,0.7373000000000001,0.7825,0.804
52400,52500,0.4682,0.7293000000000001,0.7608999999999999
52500,52600,0.538,0.8160000000000001,0.7597
52600,52700,0.4899,0.7193,0.7712
52700,52800,0.4465,0.7254,0.7134
52800,52900,0.41910000000000003,0.76915,0.77295
52900,53000,0.4234,0.7295,0.739
53000,53100,0.38344999999999996,0.7058,0.7491000000000001
53100,53200,0.4533,0.7041999999999999,0.7238
53200,53300,0.40735,0.71105,0.8552500000000001
53300,53400,0.48975,0.761,0.7155
53400,53500,0.7048000000000001,0.8332999999999999,0.8794
53500,53600,0.7189500000000001,0.909,0.9182000000000001
53600,53700,0.7256,0.8754,0.8664000000000001
53700,53800,0.7352,0.8776,0.899
53800,53900,0.7696999999999999,0.8197,0.8795
53900,54000,0.67145,0.7841,0.7421
54000,54100,0.6125999999999998,0.7528999999999999,0.7285999999999999
54100,54200,0.72465,0.8034,0.8254
54200,54300,0.6089000000000001,0.7735,0.7622
54300,54400,0.7365499999999999,0.8146,0.8053
54400,54500,0.63505,0.8589,0.7954
54500,54600,0.6554,0.8137,0.8058
54600,54700,0.6676500000000001,0.7286,0.7327
54700,54800,0.69745,0.7058500000000001,0.75955
54800,54900,0.7070000000000001,0.7524,0.808
54900,55000,0.69305,0.7398,0.7873
55000,55100,0.7864,0.7305,0.774
55100,55200,0.7768999999999999,0.8361000000000001,0.8640999999999999
55200,55300,0.73705,0.83055,0.8411500000000001
55300,55400,0.7199000000000001,0.8376,0.8271999999999999
55400,55500,0.6964999999999999,0.8018000000000001,0.767
55500,55600,0.6493000000000001,0.8217,0.8213999999999999
55600,55700,0.7415999999999999,0.7336,0.746
55700,55800,0.5783,0.8034,0.7759
55800,55900,0.6683999999999999,0.8089999999999999,0.8206
55900,56000,0.64225,0.7315,0.7395
56000,56100,0.5397000000000001,0.8204,0.8274
56100,56200,0.65915,0.7235,0.762
56200,56300,0.7088,0.7838999999999999,0.7643
56300,56400,0.69845,0.766,0.7594
56400,56500,0.6830499999999999,0.7227,0.7329
56500,56600,0.7141000000000001,0.7905,0.7921
56600,56700,0.791,0.8471,0.8386
56700,56800,0.7530999999999999,0.7836,0.776
56800,56900,0.66825,0.7369,0.7474000000000001
56900,57000,0.668,0.7362,0.7065999999999999
57000,57100,0.8030999999999999,0.78655,0.8190500000000001
57100,57200,0.7617,0.7357,0.691
57200,57300,0.7323000000000001,0.7501,0.6899
57300,57400,0.7404,0.76935,0.79855
57400,57500,0.6759499999999999,0.80245,0.76905
57500,57600,0.6636000000000001,0.7950999999999999,0.7372
57600,57700,0.76985,0.7997000000000001,0.7403
57700,57800,0.71165,0.7019,0.7328000000000001
57800,57900,0.70685,0.8024,0.7763
57900,58000,0.6677500000000001,0.81315,0.7975500000000001
58000,58100,0.6877500000000001,0.7781,0.7997
58100,58200,0.72945,0.7952999999999999,0.8178
58200,58300,0.7184999999999999,0.8069999999999999,0.7893000000000001
58300,58400,0.7242999999999999,0.758,0.7797999999999999
58400,58500,0.74275,0.7576,0.7291000000000001
58500,58600,0.63925,0.7237499999999999,0.77765
58600,58700,0.7292,0.8369,0.8375999999999999
58700,58800,0.7159000000000001,0.7751,0.8017
58800,58900,0.6557,0.7326,0.7386999999999999
58900,59000,0.72185,0.7975,0.8199000000000001
59000,59100,0.7463,0.7205,0.7860999999999999
59100,59200,0.71565,0.7617,0.7576
59200,59300,0.8276000000000001,0.8161,0.795
59300,59400,0.7414,0.7274,0.7886
59400,59500,0.7229,0.68865,0.74865
59500,59600,0.6832499999999999,0.7908999999999999,0.7832
59600,59700,0.57635,0.7678,0.8451
59700,59800,0.6869999999999999,0.7366999999999999,0.7859
59800,59900,0.7284999999999999,0.7728999999999999,0.7624
59900,60000,0.7496,0.8009,0.7808999999999999
60000,60100,0.6245000000000002,0.7272000000000001,0.7623
60100,60200,0.7745,0.7679,0.7983
60200,60300,0.70275,0.7982,0.7986
60300,60400,0.6877,0.7575,0.8078
60400,60500,0.63775,0.7846,0.7387
60500,60600,0.6636,0.7327,0.7269999999999999
60600,60700,0.7641,0.7406999999999999,0.7699
60700,60800,0.71325,0.7415,0.7791
60800,60900,0.49395,0.7199,0.7741
60900,61000,0.5456,0.8103,0.8518
61000,61100,0.4896,0.7202000000000001,0.7152999999999999
61100,61200,0.4096,0.7672999999999999,0.7546999999999999
61200,61300,0.44545,0.761,0.8249000000000001
61300,61400,0.36350000000000005,0.8068,0.8217
61400,61500,0.47075,0.8347,0.8118
61500,61600,0.36455000000000004,0.7802,0.717
61600,61700,0.37739999999999996,0.6799999999999999,0.7667
61700,61800,0.32749999999999996,0.6920999999999999,0.6920999999999999
61800,61900,0.44980000000000003,0.7678999999999999,0.7547
61900,62000,0.37024999999999997,0.7393,0.7358
62000,62100,0.44930000000000003,0.6761,0.6935
62100,62200,0.4217,0.7294,0.7225
62200,62300,0.5198499999999999,0.7616,0.7493
62300,62400,0.6814000000000001,0.7702,0.7646999999999999
62400,62500,0.6577999999999999,0.784,0.8162
62500,62600,0.7918499999999999,0.7676000000000001,0.8093
62600,62700,0.6989000000000001,0.7604,0.8174
62700,62800,0.717,0.7604,0.7502
62800,62900,0.7076499999999999,0.7242999999999999,0.7443
62900,63000,0.7031499999999999,0.8366,0.7853
63000,63100,0.7269,0.829,0.8032999999999999
63100,63200,0.5837000000000001,0.7253999999999999,0.8356999999999999
63200,63300,0.5253999999999999,0.7803,0.7619
63300,63400,0.4788,0.7882,0.7858
63400,63500,0.4532,0.7914,0.7794000000000001
63500,63600,0.4033999999999999,0.7294,0.7688999999999999
63600,63700,0.3567,0.7084999999999999,0.6821999999999999
63700,63800,0.38734999999999997,0.77995,0.76895
63800,63900,0.33695,0.7097,0.7428
63900,64000,0.3619,0.74505,0.7397499999999999
64000,64100,0.35219999999999996,0.7529,0.728
64100,64200,0.5737,0.8035,0.7998
64200,64300,0.6966,0.7319,0.7563
64300,64400,0.65115,0.7646,0.7491
64400,64500,0.7166,0.7705,0.8249
64500,64600,0.722,0.725,0.6918
64600,64700,0.6649,0.7339,0.7327999999999999
64700,64800,0.5684,0.6255999999999999,0.6843
64800,64900,0.7162499999999999,0.8101,0.8271
64900,65000,0.6272,0.7967,0.7844
65000,65100,0.7363500000000001,0.7644,0.7954
65100,65200,0.7079500000000001,0.7476,0.7731
65200,65300,0.7448000000000001,0.7512,0.7808
65300,65400,0.6747500000000001,0.7497,0.7782
65400,65500,0.7455999999999999,0.8338,0.7798
65500,65600,0.615,0.731,0.6937
65600,65700,0.7575,0.7669999999999999,0.7654000000000001
65700,65800,0.7389000000000001,0.8181,0.7968
65800,65900,0.6187500000000001,0.75645,0.77625
65900,66000,0.74825,0.8127,0.8231
66000,66100,0.71345,0.8009999999999999,0.8484
66100,66200,0.7475,0.8649,0.8368
66200,66300,0.6194500000000001,0.7259,0.7036
66300,66400,0.6868000000000001,0.772,0.7608
66400,66500,0.73925,0.8289,0.8443
66500,66600,0.7028,0.8449,0.8199
66600,66700,0.6074,0.8284,0.8003
66700,66800,0.72345,0.8631,0.8534999999999999
66800,66900,0.72425,0.7419,0.77
66900,67000,0.6733499999999999,0.7682,0.8191999999999999
67000,67100,0.7000500000000001,0.7959,0.8118
67100,67200,0.6970000000000001,0.8222,0.8722
67200,67300,0.63475,0.8080499999999999,0.79895
67300,67400,0.6387,0.7917,0.7998999999999999
67400,67500,0.60365,0.8126,0.8239000000000001
67500,67600,0.7011999999999999,0.7804,0.7848999999999999
67600,67700,0.63725,0.79465,0.7827500000000001
67700,67800,0.7012,0.7881,0.8067
67800,67900,0.6775,0.7155999999999999,0.7429
67900,68000,0.6902,0.8027,0.8065
68000,68100,0.7126,0.801,0.8481
68100,68200,0.69195,0.8016,0.8513999999999999
68200,68300,0.5943,0.8378,0.8433
68300,68400,0.6208499999999999,0.8179,0.7878000000000001
68400,68500,0.67345,0.7507999999999999,0.7906000000000001
68500,68600,0.6885,0.8575,0.8086
68600,68700,0.7103999999999999,0.7925,0.8009999999999999
68700,68800,0.59735,0.7919,0.763
68800,68900,0.6956000000000001,0.7797000000000001,0.7337
68900,69000,0.6596500000000001,0.8117000000000001,0.8194
69000,69100,0.6663,0.7271000000000001,0.7423
69100,69200,0.7163000000000002,0.81555,0.78275
69200,69300,0.5833,0.7384999999999999,0.7626
69300,69400,0.7337,0.8492999999999999,0.8259
69400,69500,0.72865,0.7886,0.8198000000000001
69500,69600,0.73025,0.8057000000000001,0.8053
69600,69700,0.6351500000000001,0.8179000000000001,0.8065
69700,69800,0.71845,0.7947500000000001,0.77705
69800,69900,0.71135,0.7958000000000001,0.8214999999999999
69900,70000,0.7243499999999999,0.7701,0.7651
70000,70100,0.6161000000000001,0.7545,0.7726
70100,70200,0.68865,0.754,0.7646
70200,70300,0.7363999999999999,0.7363,0.772
70300,70400,0.6656,0.7229000000000001,0.7290000000000001
70400,70500,0.7353000000000001,0.7664,0.7379
70500,70600,0.7545499999999999,0.7932,0.8069
70600,70700,0.6786000000000001,0.8167,0.8602000000000001
70700,70800,0.68265,0.7699,0.7752
70800,70900,0.6761999999999999,0.8103,0.8190999999999999
70900,71000,0.6226,0.8452999999999999,0.8667999999999999
71000,71100,0.61675,0.7598,0.7797999999999999
71100,71200,0.5485,0.7402,0.7955
71200,71300,0.4223,0.8041,0.7986
71300,71400,0.40919999999999995,0.7685,0.792
71400,71500,0.6314500000000001,0.7872,0.8047
71500,71600,0.43835,0.748,0.7982
71600,71700,0.3938500000000001,0.7681,0.7603
71700,71800,0.6257,0.7988000000000001,0.8209
71800,71900,0.5772,0.7667999999999999,0.7974
71900,72000,0.3791,0.7773,0.7787
72000,72100,0.39375,0.7171,0.7176
72100,72200,0.4639,0.7076,0.7156
72200,72300,0.4523499999999999,0.7143,0.7997
72300,72400,0.5562499999999999,0.7313,0.7508
72400,72500,0.43065000000000003,0.7331,0.7372
72500,72600,0.37405,0.7574,0.7585999999999999
72600,72700,0.37665,0.736,0.7549
72700,72800,0.44670000000000004,0.7402,0.7396
72800,72900,0.4324,0.81,0.7239
72900,73000,0.34809999999999997,0.8075,0.7461
73000,73100,0.4176500000000001,0.81,0.7748999999999999
73100,73200,0.39995,0.7216,0.7193999999999999
73200,73300,0.40775,0.7929999999999999,0.8452999999999999
73300,73400,0.4689,0.7255,0.7812999999999999
73400,73500,0.43675,0.7482,0.7736000000000001
73500,73600,0.3723,0.7716000000000001,0.7159
73600,73700,0.31679999999999997,0.7188,0.7281
73700,73800,0.3579,0.7117,0.7301
73800,73900,0.4258,0.7928,0.7958
73900,74000,0.39264999999999994,0.8286,0.7848
74000,74100,0.41459999999999997,0.8338,0.7429
74100,74200,0.5586500000000001,0.8659,0.8351
74200,74300,0.7803500000000001,0.7867,0.8161
74300,74400,0.75045,0.784,0.8432999999999999
74400,74500,0.6886500000000001,0.7916000000000001,0.866
74500,74600,0.7019,0.8815,0.8356
74600,74700,0.67025,0.8106500000000001,0.8269500000000001
74700,74800,0.63005,0.81155,0.74745
74800,74900,0.68695,0.7549,0.7597
74900,75000,0.65625,0.8603000000000001,0.7734
75000,75100,0.70685,0.7844,0.7851999999999999
75100,75200,0.67335,0.7831,0.8135
75200,75300,0.7318,0.7871,0.7993999999999999
75300,75400,0.72305,0.8078,0.7295999999999999
75400,75500,0.7069,0.7778,0.7846
75500,75600,0.6443999999999999,0.7601,0.7181
75600,75700,0.7525999999999998,0.8103,0.8375000000000001
75700,75800,0.7303999999999999,0.7374,0.7972
75800,75900,0.7790000000000001,0.7613999999999999,0.7402
75900,76000,0.73985,0.7765,0.803
76000,76100,0.7266,0.7448,0.7846
76100,76200,0.7423000000000001,0.8097000000000001,0.803
76200,76300,0.58995,0.7515999999999999,0.7061
76300,76400,0.74525,0.7868,0.8118
76400,76500,0.6670499999999999,0.8346,0.7895
76500,76600,0.573,0.7494000000000001,0.7372
76600,76700,0.74145,0.7765,0.8501
76700,76800,0.7920499999999999,0.7518,0.7779
76800,76900,0.7525000000000001,0.7819,0.7552
76900,77000,0.7759,0.8724000000000001,0.8223
77000,77100,0.7192999999999999,0.7165,0.7532
77100,77200,0.7106,0.782,0.7463
77200,77300,0.71395,0.72455,0.7502500000000001
77300,77400,0.7601,0.8101,0.8098
77400,77500,0.6663,0.8332,0.7691000000000001
77500,77600,0.6366,0.7685000000000001,0.7722
77600,77700,0.6548,0.7032999999999999,0.717
77700,77800,0.6879,0.7916,0.7871
77800,77900,0.6993,0.7613,0.7706999999999999
77900,78000,0.6641,0.7985,0.7861
78000,78100,0.7016000000000001,0.7196,0.6845
78100,78200,0.7362500000000001,0.7066,0.7553
78200,78300,0.6942,0.7593000000000001,0.7636000000000001
78300,78400,0.6999000000000001,0.7291,0.7483
78400,78500,0.72785,0.8131,0.8311999999999999
78500,78600,0.6384500000000001,0.8314,0.8179000000000001
78600,78700,0.6445500000000001,0.7358999999999999,0.7721
78700,78800,0.7385,0.7570000000000001,0.8168000000000001
78800,78900,0.64235,0.7685,0.7805
78900,79000,0.71365,0.7592,0.7652
79000,79100,0.6365000000000001,0.8001999999999999,0.7547
79100,79200,0.7012,0.7759,0.782
79200,79300,0.6958500000000001,0.7688,0.7901
79300,79400,0.6153000000000001,0.7965,0.777
79400,79500,0.7301,0.8120499999999999,0.8016500000000001
79500,79600,0.7526,0.7569,0.7460999999999999
79600,79700,0.7811999999999999,0.7899,0.83
79700,79800,0.6516500000000001,0.7746,0.7555
79800,79900,0.69835,0.7537,0.7402
79900,80000,0.6480500000000001,0.8376,0.7878
80000,80100,0.7272000000000001,0.8571,0.8509
80100,80200,0.7421,0.8366,0.8135999999999999
80200,80300,0.7532,0.7646,0.8027
80300,80400,0.7005,0.7929,0.8027
80400,80500,0.71265,0.7165,0.7743
80500,80600,0.67335,0.7828999999999999,0.7531
80600,80700,0.7267,0.7844,0.7693
80700,80800,0.7271500000000002,0.7984000000000001,0.7624
80800,80900,0.73705,0.7575999999999999,0.7343999999999999
80900,81000,0.6982000000000002,0.7571,0.7879
81000,81100,0.7146,0.7543,0.7726
81100,81200,0.38260000000000005,0.7272000000000001,0.6779000000000001
81200,81300,0.34640000000000004,0.7802999999999999,0.7774
81300,81400,0.3103000000000001,0.8118000000000001,0.7223
81400,81500,0.38804999999999995,0.7718,0.7427
81500,81600,0.3498,0.8000999999999999,0.7539
81600,81700,0.42405000000000004,0.7691,0.7845000000000001
81700,81800,0.3788,0.7397,0.7218
81800,81900,0.44094999999999995,0.8202,0.8667
81900,82000,0.37445000000000006,0.7807,0.7449
82000,82100,0.39995,0.6844,0.6633
82100,82200,0.3911499999999999,0.7615999999999999,0.7612
82200,82300,0.3349,0.6992,0.7601
82300,82400,0.31390000000000007,0.7416,0.7604
82400,82500,0.4678,0.7302,0.6822
82500,82600,0.46655,0.7833000000000001,0.7445
82600,82700,0.38780000000000003,0.6869000000000001,0.7106
82700,82800,0.41190000000000004,0.727,0.7302
82800,82900,0.48505000000000004,0.7304499999999999,0.68685
82900,83000,0.4375,0.7546999999999999,0.7608
83000,83100,0.5543,0.782,0.8148
83100,83200,0.6946,0.8588,0.8773
83200,83300,0.6878500000000001,0.7334,0.7885
83300,83400,0.6632999999999999,0.73585,0.73875
83400,83500,0.7253999999999999,0.7739,0.7715000000000001
83500,83600,0.6897000000000001,0.7299,0.752
83600,83700,0.7009499999999999,0.7494,0.7862
83700,83800,0.7565999999999999,0.8044,0.8488
83800,83900,0.5695000000000001,0.7401,0.7228
83900,84000,0.46329999999999993,0.7432,0.7335
84000,84100,0.4313,0.6840999999999999,0.7152
84100,84200,0.37255,0.7370000000000001,0.7041
84200,84300,0.40659999999999996,0.70025,0.73545
84300,84400,0.39999999999999997,0.7634,0.7518
84400,84500,0.41015,0.7525,0.7446
84500,84600,0.35564999999999997,0.7884,0.7942
84600,84700,0.41095000000000004,0.7996,0.8110999999999999
84700,84800,0.44175,0.7502500000000001,0.72695
84800,84900,0.4777,0.7187,0.7001999999999999
84900,85000,0.4508000000000001,0.6709999999999999,0.7072
85000,85100,0.4554,0.7072,0.6676
85100,85200,0.51725,0.7716999999999999,0.7536
85200,85300,0.5349,0.7701,0.7554000000000001
85300,85400,0.41735000000000005,0.713,0.753
85400,85500,0.42400000000000004,0.6873,0.7268
85500,85600,0.48425,0.7097,0.7111
85600,85700,0.48300000000000004,0.7903,0.7441000000000001
85700,85800,0.5117,0.7727999999999999,0.7677
85800,85900,0.5814999999999999,0.8170999999999999,0.852
85900,86000,0.4519,0.7235,0.7706999999999999
86000,86100,0.72815,0.7425,0.7703
86100,86200,0.55925,0.7263,0.7632000000000001
86200,86300,0.62165,0.7803,0.8133999999999999
86300,86400,0.7268,0.7722,0.7837000000000001
86400,86500,0.7565999999999999,0.7543,0.7885
86500,86600,0.7139500000000001,0.8571,0.8694999999999999
86600,86700,0.70245,0.8966999999999999,0.8977
86700,86800,0.7579,0.7787000000000001,0.8345
86800,86900,0.7598,0.8203,0.8133
86900,87000,0.6876,0.8131,0.784
87000,87100,0.6898500000000001,0.7844,0.7866
87100,87200,0.71,0.7636,0.77
87200,87300,0.6102500000000001,0.7159,0.7271
87300,87400,0.64895,0.7585999999999999,0.8036
87400,87500,0.60735,0.7545000000000001,0.8105
87500,87600,0.6929,0.7898000000000001,0.8272
87600,87700,0.7146499999999999,0.7114,0.7855
87700,87800,0.6763000000000001,0.7615999999999999,0.768
87800,87900,0.7600499999999999,0.765,0.8127
87900,88000,0.7294499999999999,0.7551,0.7277
88000,88100,0.72305,0.77345,0.7765500000000001
88100,88200,0.7798,0.764,0.7884
88200,88300,0.7861999999999999,0.7981,0.8136
88300,88400,0.749,0.7554,0.7807
88400,88500,0.7517,0.7422,0.7814
88500,88600,0.68215,0.7942,0.7849
88600,88700,0.6718000000000002,0.7812999999999999,0.7615000000000001
88700,88800,0.5865,0.7501,0.7362
88800,88900,0.6222500000000001,0.7542,0.7431000000000001
88900,89000,0.725,0.7657,0.8013999999999999
89000,89100,0.7099,0.7934,0.7978
89100,89200,0.6995,0.8066,0.7782
89200,89300,0.6041500000000001,0.7797000000000001,0.7336
89300,89400,0.61565,0.8463499999999999,0.84175
89400,89500,0.5145,0.8882,0.8634000000000001
89500,89600,0.5374,0.8268,0.8463999999999999
89600,89700,0.6380000000000001,0.7519,0.7628999999999999
89700,89800,0.6708999999999998,0.7408,0.7805000000000001
89800,89900,0.6426499999999999,0.757,0.7673000000000001
89900,90000,0.6570500000000001,0.8014,0.8373
90000,90100,0.6693,0.8086,0.7954
90100,90200,0.65405,0.7618,0.7476
90200,90300,0.6715,0.8144,0.8392
90300,90400,0.7382500000000001,0.8035,0.7706999999999999
90400,90500,0.76185,0.7832999999999999,0.7916
90500,90600,0.6397,0.841,0.7621
90600,90700,0.73725,0.7817000000000001,0.7943
90700,90800,0.6494000000000001,0.7703000000000001,0.7594000000000001
90800,90900,0.7292000000000001,0.748,0.7599
90900,91000,0.6900000000000001,0.7514000000000001,0.7481
91000,91100,0.8053000000000001,0.8241,0.8354999999999999
91100,91200,0.71435,0.7303,0.7404
91200,91300,0.76175,0.8115,0.8239000000000001
91300,91400,0.71795,0.8044,0.8171
91400,91500,0.6651500000000002,0.7364999999999999,0.7009999999999998
91500,91600,0.72775,0.751,0.7746
91600,91700,0.7459,0.7433000000000001,0.7109000000000001
91700,91800,0.7284,0.8046,0.8231999999999999
91800,91900,0.7270000000000001,0.7908000000000001,0.7605999999999999
91900,92000,0.69255,0.7431,0.7057
92000,92100,0.6651499999999999,0.7071000000000001,0.7177
92100,92200,0.60705,0.7339,0.7429
92200,92300,0.6791,0.7376,0.7599
92300,92400,0.69465,0.7491000000000001,0.7712
92400,92500,0.6443000000000001,0.7582,0.7889999999999999
92500,92600,0.52215,0.8064,0.8287
92600,92700,0.34465,0.7389,0.7494
92700,92800,0.45515,0.7511,0.7261
92800,92900,0.36624999999999996,0.8188,0.7252
92900,93000,0.43139999999999995,0.7555,0.6925
93000,93100,0.43355,0.7402,0.7469
93100,93200,0.42880000000000007,0.7235,0.7406
93200,93300,0.30984999999999996,0.6962,0.7444999999999999
93300,93400,0.38505,0.6625,0.6758000000000001
93400,93500,0.45980000000000004,0.7097,0.7118
93500,93600,0.3862,0.7401,0.7126
93600,93700,0.3483,0.7323999999999999,0.7369
93700,93800,0.4517,0.7651000000000001,0.7929
93800,93900,0.40959999999999996,0.7004999999999999,0.7538
93900,94000,0.4214,0.7235,0.7905
94000,94100,0.405,0.7708999999999999,0.7392000000000001
94100,94200,0.40979999999999994,0.8176,0.7864
94200,94300,0.4375,0.8285,0.7746
94300,94400,0.492,0.7195,0.7303
94400,94500,0.45025,0.7455,0.8101
94500,94600,0.36100000000000004,0.6654000000000001,0.6479999999999999
94600,94700,0.3854,0.6508,0.7168000000000001
94700,94800,0.747,0.8421000000000001,0.8374999999999999
94800,94900,0.7001999999999999,0.7884,0.7708
94900,95000,0.6859999999999999,0.7736000000000001,0.7964
95000,95100,0.6944500000000001,0.7332000000000001,0.768
95100,95200,0.74045,0.8084,0.8220999999999999
95200,95300,0.7539,0.8388,0.8095
95300,95400,0.69075,0.7553000000000001,0.8073
95400,95500,0.74195,0.8205,0.742
95500,95600,0.6957,0.7583000000000001,0.7583
95600,95700,0.72775,0.7708999999999999,0.7995
95700,95800,0.6883499999999999,0.7922,0.7950999999999999
95800,95900,0.7835000000000001,0.7809999999999999,0.7557
95900,96000,0.7166,0.80155,0.73755
96000,96100,0.76695,0.7926,0.775
96100,96200,0.7567,0.7323,0.7536
96200,96300,0.7920499999999999,0.8345,0.8276
96300,96400,0.68105,0.7529,0.7870999999999999
96400,96500,0.7874500000000001,0.7866,0.8248
96500,96600,0.7660499999999999,0.8543000000000001,0.8456
96600,96700,0.7454000000000001,0.8148500000000001,0.77445
96700,96800,0.75305,0.818,0.7947
96800,96900,0.61015,0.7,0.7661
96900,97000,0.65335,0.7958,0.7945
97000,97100,0.7057499999999999,0.7073,0.7296
97100,97200,0.6982,0.7697999999999999,0.778
97200,97300,0.6388499999999999,0.7835,0.7223999999999999
97300,97400,0.7369000000000001,0.8261000000000001,0.8287
97400,97500,0.7017,0.7481,0.7821
97500,97600,0.7349,0.7722,0.7922
97600,97700,0.73685,0.7524,0.8148
97700,97800,0.6965499999999999,0.8287,0.7767
97800,97900,0.7101500000000001,0.7930999999999999,0.8062
97900,98000,0.7049000000000001,0.8189,0.7604
98000,98100,0.65835,0.8742,0.8467
98100,98200,0.6836000000000001,0.8134999999999999,0.781
98200,98300,0.6908000000000001,0.7883,0.7616
98300,98400,0.65725,0.7880999999999999,0.7522
98400,98500,0.6536,0.7278,0.7938000000000001
98500,98600,0.7357000000000001,0.7836000000000001,0.7792000000000001
98600,98700,0.71425,0.7678,0.7887
98700,98800,0.7182,0.8162,0.7982
98800,98900,0.61485,0.7735000000000001,0.7797999999999999
98900,99000,0.7043999999999999,0.7381,0.727
99000,99100,0.7152499999999999,0.7454000000000001,0.7846
99100,99200,0.7893999999999999,0.8019000000000001,0.8091999999999999
99200,99300,0.72725,0.8152,0.7853000000000001
99300,99400,0.7999499999999999,0.7377,0.7766
99400,99500,0.7803,0.7156,0.7626
99500,99600,0.6895,0.7808,0.7638
99600,99700,0.6813,0.7573,0.7652
99700,99800,0.7351500000000001,0.7726,0.7711
99800,99900,0.56465,0.8311999999999999,0.8165
99900,100000,0.647,0.8048,0.8228
100000,100100,0.67605,0.7791,0.7681
100100,100200,0.6446000000000001,0.7431,0.7589
100200,100300,0.6085499999999999,0.7299,0.7585
100300,100400,0.6987000000000001,0.7807,0.7933
100400,100500,0.6988000000000001,0.7622,0.7743
100500,100600,0.6998500000000001,0.786,0.7730999999999999
100600,100700,0.7090000000000001,0.7004999999999999,0.7118
100700,100800,0.63645,0.7528,0.7422
100800,100900,0.7005,0.7191000000000001,0.7454000000000001
100900,101000,0.7051,0.7132,0.7151
101000,101100,0.6776000000000001,0.7428,0.7802
101100,101200,0.6171,0.7344999999999999,0.7545
101200,101300,0.74545,0.824,0.8161
101300,101400,0.6781,0.8078,0.8129000000000001
101400,101500,0.6441000000000001,0.7515000000000001,0.7356
101500,101600,0.6593,0.7535000000000001,0.7574
101600,101700,0.5968,0.7974000000000001,0.8452
101700,101800,0.6642000000000001,0.8363,0.8131
101800,101900,0.6636500000000001,0.8031,0.8307
101900,102000,0.66345,0.7884,0.7542
102000,102100,0.5936,0.7829999999999999,0.7181
102100,102200,0.6699500000000002,0.8068,0.7807
102200,102300,0.6644,0.7646999999999999,0.751
102300,102400,0.60285,0.8452,0.8093999999999999
102400,102500,0.6415000000000001,0.8021,0.8015000000000001
102500,102600,0.7275499999999999,0.7606999999999999,0.8168
102600,102700,0.72875,0.7872000000000001,0.7838999999999999
102700,102800,0.6181999999999999,0.7862,0.8102
102800,102900,0.6517000000000001,0.7708,0.7939
102900,103000,0.6437999999999999,0.6851,0.7057
103000,103100,0.6471500000000001,0.8452999999999999,0.8232999999999999
103100,103200,0.7275499999999999,0.7743,0.8066
103200,103300,0.6033000000000001,0.8099999999999999,0.8024
103300,103400,0.79345,0.7706,0.7909999999999999
103400,103500,0.7015499999999999,0.8791,0.8354
103500,103600,0.73085,0.7766,0.7959
103600,103700,0.6221,0.7661,0.7724
103700,103800,0.68735,0.8415,0.8027
103800,103900,0.5009499999999999,0.8302,0.8230999999999999
103900,104000,0.5369,0.8672,0.8280000000000001
104000,104100,0.7413000000000001,0.7545999999999999,0.7507
104100,104200,0.6026999999999999,0.7636000000000001,0.7256
104200,104300,0.6785999999999999,0.8062,0.8363
104300,104400,0.81045,0.9102,0.9032
104400,104500,0.7212000000000001,0.8548,0.8518
104500,104600,0.75235,0.9124,0.8971
104600,104700,0.7636000000000002,0.8495,0.8145
104700,104800,0.7225999999999999,0.8303,0.808
104800,104900,0.6370000000000001,0.8254999999999999,0.8028
104900,105000,0.7789499999999999,0.8409,0.8335
105000,105100,0.6504,0.7753,0.7703
105100,105200,0.6835,0.7593000000000001,0.7992
105200,105300,0.7654500000000001,0.8384,0.8282
105300,105400,0.75465,0.8288000000000001,0.7984
105400,105500,0.73325,0.8062,0.7855
105500,105600,0.7188,0.7554,0.7967
105600,105700,0.6944500000000001,0.7365,0.7365
105700,105800,0.7135000000000001,0.7505,0.7743
105800,105900,0.766,0.8169,0.8117
105900,106000,0.6986,0.7253000000000001,0.7448999999999999
106000,106100,0.7461000000000001,0.7547,0.7693000000000001
106100,106200,0.77735,0.7659,0.7998000000000001
106200,106300,0.74035,0.8008000000000001,0.8125
106300,106400,0.7190500000000001,0.7841,0.7487
106400,106500,0.7247500000000001,0.7977,0.8019000000000001
106500,106600,0.7505500000000002,0.8208,0.7978999999999999
106600,106700,0.6084999999999999,0.8918,0.8618999999999999
106700,106800,0.63815,0.7963,0.8137000000000001
106800,106900,0.72635,0.7930999999999999,0.773
106900,107000,0.767,0.7525,0.8106
107000,107100,0.70285,0.7409,0.7942
107100,107200,0.7417500000000001,0.782,0.8437
107200,107300,0.6482,0.7334,0.746
107300,107400,0.5808500000000001,0.7435,0.7768999999999999
107400,107500,0.6208,0.7867999999999999,0.7545
107500,107600,0.59175,0.7887,0.8206
107600,107700,0.6227499999999999,0.7713,0.8046
107700,107800,0.70255,0.7996,0.8311999999999999
107800,107900,0.7359,0.7988,0.8079
107900,108000,0.68565,0.7614,0.702
108000,108100,0.76155,0.7324,0.7538
108100,108200,0.715,0.8183,0.8151999999999999
108200,108300,0.71485,0.7397,0.7611
108300,108400,0.70515,0.7489,0.7464999999999999
108400,108500,0.7118,0.7032,0.7522
108500,108600,0.68045,0.8336,0.8113
108600,108700,0.7171000000000001,0.7815000000000001,0.7339
108700,108800,0.75255,0.717,0.7465999999999999
108800,108900,0.6328499999999999,0.7741,0.7199
108900,109000,0.6832,0.8048,0.7982
109000,109100,0.7029500000000001,0.7241,0.7758
109100,109200,0.6704499999999999,0.7762,0.7921
109200,109300,0.662,0.7302,0.7485
109300,109400,0.69805,0.7629000000000001,0.7408
109400,109500,0.67245,0.7733000000000001,0.7396999999999999
109500,109600,0.7447499999999998,0.7933,0.7908
109600,109700,0.66525,0.7996,0.7913
109700,109800,0.5910000000000001,0.6801,0.7357
109800,109900,0.7675000000000001,0.8172999999999999,0.8190999999999999
109900,110000,0.74555,0.8087,0.8147
110000,110100,0.6730499999999999,0.8071999999999999,0.8013
110100,110200,0.6400000000000001,0.7752,0.7821
110200,110300,0.6093000000000001,0.7859,0.7686999999999999
110300,110400,0.76475,0.8245,0.8049
110400,110500,0.6570499999999999,0.6971,0.7609
110500,110600,0.6124,0.7007,0.7473
110600,110700,0.6737,0.7908999999999999,0.7595
110700,110800,0.62815,0.7438,0.7778
110800,110900,0.7261,0.7963,0.8049999999999999
110900,111000,0.6866,0.6994,0.6928
111000,111100,0.73,0.7721,0.7888000000000001
111100,111200,0.6359,0.71505,0.72055
111200,111300,0.6601999999999999,0.7887,0.7817999999999999
111300,111400,0.6516500000000001,0.7702,0.8212999999999999
111400,111500,0.5474000000000001,0.8310000000000001,0.8054
111500,111600,0.6423500000000001,0.7915,0.7676
111600,111700,0.7021500000000002,0.772,0.7463
111700,111800,0.74475,0.8072,0.8088
111800,111900,0.7478,0.7471000000000001,0.7433
111900,112000,0.7253000000000001,0.7714000000000001,0.7497
112000,112100,0.8069,0.8351,0.7959
112100,112200,0.7373000000000001,0.7295,0.7605
112200,112300,0.7409000000000001,0.6559,0.722
112300,112400,0.7090000000000001,0.7875,0.8400000000000001
112400,112500,0.7055499999999999,0.7827,0.7714000000000001
112500,112600,0.73265,0.7731999999999999,0.7884
112600,112700,0.70905,0.739,0.7969999999999999
112700,112800,0.7835500000000001,0.8061,0.8164
112800,112900,0.70995,0.7655,0.8184
112900,113000,0.70995,0.8050999999999999,0.8444
113000,113100,0.7196499999999999,0.7574,0.7865
113100,113200,0.6375500000000001,0.7155,0.7141
113200,113300,0.6657500000000001,0.7598999999999999,0.7418
113300,113400,0.59015,0.7317,0.7921
113400,113500,0.55905,0.7692999999999999,0.7425999999999999
113500,113600,0.6713000000000001,0.7675500000000001,0.70145
113600,113700,0.704,0.7922,0.8019
113700,113800,0.66675,0.6849000000000001,0.7631
113800,113900,0.7433000000000001,0.7877000000000001,0.8623
113900,114000,0.7315,0.8334999999999999,0.8279000000000001
114000,114100,0.7107999999999999,0.7396,0.7690999999999999
114100,114200,0.7577499999999999,0.8223999999999999,0.7305
114200,114300,0.7227000000000001,0.7738,0.7827
114300,114400,0.5841000000000001,0.70575,0.74445
114400,114500,0.6436000000000001,0.7897,0.7785
114500,114600,0.6829000000000001,0.8295,0.8472
114600,114700,0.6431,0.7095,0.7274999999999999
114700,114800,0.6945,0.7968,0.7908999999999999
114800,114900,0.7108000000000001,0.7930999999999999,0.8277
114900,115000,0.6794500000000001,0.7094,0.7641
115000,115100,0.5837,0.7701,0.7124
115100,115200,0.7998999999999999,0.8237,0.8251
115200,115300,0.7043999999999999,0.8243,0.7928999999999999
115300,115400,0.72795,0.7582499999999999,0.7698499999999999
115400,115500,0.6230500000000001,0.7953,0.7922
115500,115600,0.65605,0.759,0.7536
115600,115700,0.6317999999999999,0.7473,0.7512
115700,115800,0.74225,0.7765,0.7624
115800,115900,0.5817,0.7001000000000001,0.7555000000000001
115900,116000,0.6995500000000001,0.7662,0.7752
116000,116100,0.74895,0.7874,0.8064
116100,116200,0.7192,0.756,0.7884
116200,116300,0.61315,0.7649999999999999,0.7407000000000001
116300,116400,0.72315,0.7161,0.7042
116400,116500,0.6327499999999999,0.6960999999999999,0.6780999999999999
116500,116600,0.7322000000000001,0.707,0.7795
116600,116700,0.6225,0.7681,0.8179
116700,116800,0.66755,0.7852,0.7487
116800,116900,0.6926000000000001,0.8027,0.7830999999999999
116900,117000,0.6855,0.7281,0.7358
117000,117100,0.6835500000000001,0.7976,0.7589
117100,117200,0.6163000000000001,0.6950000000000001,0.7130000000000001
117200,117300,0.7484999999999999,0.7854,0.8143
117300,117400,0.7411000000000001,0.8151999999999999,0.771
117400,117500,0.68815,0.70415,0.7717499999999999
117500,117600,0.687,0.7332000000000001,0.7009
117600,117700,0.7022999999999999,0.8065,0.7724
117700,117800,0.6846000000000001,0.7394000000000001,0.7427
117800,117900,0.73405,0.6995,0.8048
117900,118000,0.75385,0.8221,0.8244
118000,118100,0.6404000000000001,0.7827999999999999,0.8045
118100,118200,0.5794,0.815,0.8425
118200,118300,0.7158,0.8205,0.8246
118300,118400,0.5714,0.8030999999999999,0.8547
118400,118500,0.6249000000000001,0.7010000000000001,0.8059
118500,118600,0.6688000000000001,0.7729,0.7332
118600,118700,0.7477999999999999,0.8270000000000001,0.8437
118700,118800,0.4999,0.7309,0.7525999999999999
118800,118900,0.42969999999999997,0.7733,0.7682
118900,119000,0.39139999999999997,0.7259,0.7733
119000,119100,0.43239999999999995,0.7838,0.8201999999999999
119100,119200,0.40635000000000004,0.7354,0.8143
119200,119300,0.3614,0.7475,0.7572
119300,119400,0.47320000000000007,0.708,0.7982
119400,119500,0.38515,0.7563,0.764
119500,119600,0.44645000000000007,0.6977,0.7312000000000001
119600,119700,0.41459999999999997,0.7016,0.7723
119700,119800,0.32519999999999993,0.7252000000000001,0.7637
119800,119900,0.40049999999999997,0.7568,0.7695
119900,120000,0.6261,0.7436,0.7268000000000001
120000,120100,0.76425,0.7733000000000001,0.7387
120100,120200,0.67165,0.7425999999999999,0.7637
120200,120300,0.6656500000000001,0.7344,0.7646999999999999
120300,120400,0.6629,0.7645,0.7503
120400,120500,0.5979,0.7182,0.7639
120500,120600,0.46549999999999997,0.7773,0.8222
120600,120700,0.4487,0.7878999999999999,0.7852
120700,120800,0.46185,0.7146,0.7706
120800,120900,0.37425,0.7672000000000001,0.7382
120900,121000,0.5644,0.8168,0.8134
121000,121100,0.5639,0.7179,0.7354
121100,121200,0.50275,0.7985,0.788
121200,121300,0.4655,0.8514999999999999,0.8667
121300,121400,0.49715,0.7745,0.7778
121400,121500,0.38375000000000004,0.6623,0.7158
121500,121600,0.3488,0.7897,0.8041
121600,121700,0.49149999999999994,0.8104,0.7928
121700,121800,0.39975000000000005,0.6803,0.7236
121800,121900,0.36585,0.7236,0.7725
121900,122000,0.60565,0.7536999999999999,0.7928999999999999
122000,122100,0.6703,0.7841,0.8111
122100,122200,0.624,0.787,0.7368
122200,122300,0.645,0.7997000000000001,0.7762
122300,122400,0.7204999999999999,0.7728,0.7877000000000001
122400,122500,0.6911,0.6945,0.7603
122500,122600,0.7292,0.7539,0.7464999999999999
122600,122700,0.6167500000000001,0.7575000000000001,0.7193
122700,122800,0.66075,0.7783,0.8002
122800,122900,0.6559499999999999,0.7087000000000001,0.769
122900,123000,0.6928,0.7672999999999999,0.7684
123000,123100,0.5715500000000001,0.714,0.7004
123100,123200,0.7326,0.76295,0.7562500000000001
123200,123300,0.7297500000000001,0.7971999999999999,0.7968
123300,123400,0.7163999999999999,0.7708999999999999,0.7607999999999999
123400,123500,0.7281,0.7742,0.7839
123500,123600,0.74825,0.7906,0.7837000000000001
123600,123700,0.6969,0.7633,0.7284999999999999
123700,123800,0.66405,0.7598,0.7206
123800,123900,0.6499,0.768,0.8321000000000001
123900,124000,0.63115,0.7029000000000001,0.7558
124000,124100,0.7134500000000001,0.7811,0.7647999999999999
124100,124200,0.65605,0.7413,0.7407
124200,124300,0.7508,0.751,0.7713
124300,124400,0.7325999999999999,0.7908,0.7867999999999999
124400,124500,0.69735,0.7401,0.7744
124500,124600,0.6971,0.7608,0.794
124600,124700,0.7253000000000001,0.7988000000000001,0.8089
124700,124800,0.6614,0.7394999999999999,0.7838
124800,124900,0.6364,0.7098,0.7664
124900,125000,0.6722000000000001,0.7341,0.7448
125000,125100,0.74035,0.7717,0.7865
125100,125200,0.735,0.79925,0.80355
125200,125300,0.6819500000000001,0.7383,0.7242999999999999
125300,125400,0.6563,0.7948999999999999,0.8132
125400,125500,0.7992,0.8075,0.7926
125500,125600,0.7422500000000001,0.7345,0.73
125600,125700,0.70875,0.7703,0.7987
125700,125800,0.7755500000000002,0.8004,0.7937
125800,125900,0.6917,0.7937,0.7633
125900,126000,0.64395,0.7138,0.7283999999999999
126000,126100,0.70185,0.7816000000000001,0.7749999999999999
126100,126200,0.5943,0.7237,0.7435999999999999
126200,126300,0.7092000000000002,0.7686,0.7453000000000001
126300,126400,0.6713,0.7562,0.7931
126400,126500,0.7085000000000001,0.7399,0.7893000000000001
126500,126600,0.7034,0.7423,0.7969999999999999
126600,126700,0.70625,0.7605999999999999,0.7889
126700,126800,0.7363500000000001,0.7658,0.7726
126800,126900,0.7364500000000002,0.75095,0.7586499999999999
126900,127000,0.7643999999999999,0.7404,0.7495
127000,127100,0.7154,0.7672,0.7867
127100,127200,0.74105,0.8033,0.8229
127200,127300,0.6380000000000001,0.8204,0.7995999999999999
127300,127400,0.53775,0.7562,0.7462
127400,127500,0.684,0.7968,0.7857000000000001
127500,127600,0.6907500000000001,0.7761,0.7955
127600,127700,0.69925,0.8060999999999999,0.8653
127700,127800,0.69555,0.76515,0.78555
127800,127900,0.72595,0.8099999999999999,0.7994
127900,128000,0.6502999999999999,0.708,0.7629
128000,128100,0.6764,0.7754000000000001,0.7912
128100,128200,0.7273000000000001,0.7557,0.7787999999999999
128200,128300,0.69245,0.7914,0.7826
128300,128400,0.69245,0.6907000000000001,0.7353
128400,128500,0.67805,0.7774,0.7575000000000001
128500,128600,0.678,0.7893,0.7710999999999999
128600,128700,0.6027500000000001,0.7861,0.7254999999999999
128700,128800,0.6546500000000001,0.7734,0.8134
128800,128900,0.7513000000000001,0.804,0.8121
128900,129000,0.6113999999999999,0.7755000000000001,0.7257
129000,129100,0.57165,0.6961499999999999,0.72565
129100,129200,0.6197999999999999,0.7134,0.7304
129200,129300,0.65685,0.7893,0.7572
129300,129400,0.6999500000000001,0.8024,0.8206
129400,129500,0.7644999999999998,0.7852,0.7713
129500,129600,0.72425,0.7522,0.7793
129600,129700,0.6446,0.7834000000000001,0.767
129700,129800,0.7108,0.7963,0.7714
129800,129900,0.6757,0.7518499999999999,0.76665
129900,130000,0.6621999999999999,0.7706999999999999,0.7557999999999999
130000,130100,0.5984,0.7571,0.7659
130100,130200,0.6151500000000001,0.763,0.8178
130200,130300,0.6137000000000001,0.7675,0.7661
130300,130400,0.58885,0.8388,0.7916
130400,130500,0.64195,0.8163,0.8230999999999999
130500,130600,0.5782499999999999,0.7673000000000001,0.7975
130600,130700,0.60765,0.7582,0.7793999999999999
130700,130800,0.6455,0.7123,0.6855
130800,130900,0.59585,0.8004,0.7898000000000001
130900,131000,0.62335,0.8284,0.7879
131000,131100,0.7119,0.8488,0.8324
131100,131200,0.6553,0.7787,0.7962
131200,131300,0.49455000000000005,0.7866,0.7562
131300,131400,0.46705,0.6848000000000001,0.7101
131400,131500,0.49570000000000003,0.7746999999999999,0.7599
131500,131600,0.49265000000000003,0.8202,0.781
131600,131700,0.45665,0.7706999999999999,0.8027
131700,131800,0.6153500000000001,0.7551,0.7892
131800,131900,0.6658000000000001,0.7544,0.7604000000000001
131900,132000,0.64385,0.77,0.7916000000000001
132000,132100,0.6568999999999999,0.7782,0.749
132100,132200,0.65685,0.762,0.783
132200,132300,0.69425,0.6842999999999999,0.8031
132300,132400,0.6935,0.73045,0.70685
132400,132500,0.65055,0.7521,0.8069
132500,132600,0.6909,0.7736000000000001,0.7979
132600,132700,0.7053,0.7469,0.7458
132700,132800,0.6284000000000001,0.778,0.7927
132800,132900,0.6146,0.7765,0.7689999999999999
132900,133000,0.7068,0.7142999999999999,0.6773
133000,133100,0.7243,0.8190999999999999,0.8299000000000001
133100,133200,0.63435,0.7765,0.7792
133200,133300,0.6890000000000001,0.8339000000000001,0.7722
133300,133400,0.6669499999999999,0.7553999999999998,0.7539000000000001
133400,133500,0.7581,0.7433,0.7983
133500,133600,0.7383500000000001,0.7934000000000001,0.7819
133600,133700,0.70545,0.6696,0.7581
133700,133800,0.6923000000000001,0.7739,0.7256
133800,133900,0.7141,0.7767,0.7533000000000001
133900,134000,0.67235,0.7229,0.762
134000,134100,0.7095,0.7455,0.7579
134100,134200,0.7101999999999999,0.8016,0.786
134200,134300,0.65565,0.7863,0.754
134300,134400,0.67875,0.7409000000000001,0.7627
134400,134500,0.7301,0.7014,0.7526999999999999
134500,134600,0.6265,0.6964999999999999,0.7321
134600,134700,0.6933999999999999,0.7652,0.7796000000000001
134700,134800,0.6512,0.7373000000000001,0.7086999999999999
134800,134900,0.6463,0.7112,0.7805
134900,135000,0.72375,0.7892999999999999,0.7472
135000,135100,0.6988000000000001,0.7578,0.7859
135100,135200,0.7643,0.76355,0.76325
135200,135300,0.7063,0.7239,0.7922
135300,135400,0.6935,0.7782,0.7822
135400,135500,0.69555,0.752,0.7608
135500,135600,0.6057,0.7568999999999999,0.7671
135600,135700,0.71275,0.8629,0.8018000000000001
135700,135800,0.6297,0.6796,0.6907
135800,135900,0.7278500000000001,0.7484,0.7418
135900,136000,0.7520000000000001,0.7785,0.7418
136000,136100,0.58555,0.7745,0.7623
136100,136200,0.5676,0.7806,0.8024
136200,136300,0.5263,0.7848999999999999,0.7867
136300,136400,0.5489,0.7142,0.7513
136400,136500,0.6579999999999999,0.75085,0.7275499999999999
136500,136600,0.7319,0.7072,0.7327
136600,136700,0.6529,0.8217,0.8120999999999999
136700,136800,0.6007500000000001,0.7950999999999999,0.7943
136800,136900,0.67505,0.7752,0.7315
136900,137000,0.62665,0.7771,0.6994
137000,137100,0.7136500000000001,0.7699,0.8222
137100,137200,0.69025,0.8325,0.7719
137200,137300,0.6466000000000001,0.7377,0.7418
137300,137400,0.6677,0.7691,0.8037000000000001
137400,137500,0.68435,0.7545999999999999,0.7049
137500,137600,0.69485,0.8224,0.7497
137600,137700,0.5747,0.6754,0.7731
137700,137800,0.4778,0.7785,0.8149
137800,137900,0.49395,0.7989999999999999,0.7663
137900,138000,0.4944,0.8499,0.8015
138000,138100,0.54695,0.8627,0.7461
138100,138200,0.56345,0.7911,0.7373000000000001
138200,138300,0.45489999999999997,0.7274999999999999,0.6744000000000001
138300,138400,0.4064,0.6988000000000001,0.7338
138400,138500,0.4667,0.8027,0.7805
138500,138600,0.3734,0.8009999999999999,0.885
138600,138700,0.33799999999999997,0.8714000000000001,0.7493
138700,138800,0.43695000000000006,0.8271000000000001,0.8022000000000001
138800,138900,0.4276,0.8477,0.7651
138900,139000,0.3426,0.73115,0.7625500000000001
139000,139100,0.33820000000000006,0.8558,0.7756000000000001
139100,139200,0.37745000000000006,0.6778,0.7445999999999999
139200,139300,0.43265,0.8121,0.7364
139300,139400,0.346,0.7841,0.8324
139400,139500,0.3336,0.7587,0.6616000000000001
139500,139600,0.3814,0.7911999999999999,0.7664
139600,139700,0.3466,0.7692,0.6805000000000001
139700,139800,0.3177,0.7825,0.8098000000000001
139800,139900,0.3536,0.772,0.7415
139900,140000,0.32865,0.7437,0.812
140000,140100,0.32165,0.7962,0.7588
140100,140200,0.38685,0.6692,0.7101999999999999
140200,140300,0.4033,0.8529,0.8326
140300,140400,0.3965,0.7814000000000001,0.764
140400,140500,0.40565,0.6879,0.7018
140500,140600,0.66775,0.8482000000000001,0.828
140600,140700,0.6633,0.8481,0.8091999999999999
140700,140800,0.6438,0.7564,0.7385999999999999
140800,140900,0.7172999999999999,0.7481,0.8122
140900,141000,0.6977,0.8181,0.8038
141000,141100,0.5581999999999999,0.7607,0.7629
141100,141200,0.49879999999999997,0.7312,0.7345
141200,141300,0.48685000000000006,0.7298,0.6854
141300,141400,0.5065999999999999,0.7263,0.7327
141400,141500,0.5943,0.7962,0.8019999999999999
141500,141600,0.519,0.8267,0.7699
141600,141700,0.5326,0.7628,0.7783
141700,141800,0.4444,0.7465999999999999,0.8315
141800,141900,0.46359999999999996,0.7945,0.7671
141900,142000,0.4773,0.7944,0.7678
142000,142100,0.5926500000000001,0.7611,0.7886
142100,142200,0.7699499999999999,0.8210999999999999,0.7954
142200,142300,0.7083,0.8364999999999999,0.7982
142300,142400,0.7881,0.8043,0.8047
142400,142500,0.7655000000000001,0.7628999999999999,0.7681
142500,142600,0.7095499999999999,0.7494999999999999,0.7855
142600,142700,0.68525,0.7398500000000001,0.7593500000000001
142700,142800,0.6416,0.7796,0.7599
142800,142900,0.6778500000000001,0.7504,0.7478
142900,143000,0.7793000000000001,0.7618499999999999,0.7746500000000001
143000,143100,0.67125,0.7378,0.7716000000000001
143100,143200,0.6463000000000001,0.7619999999999999,0.778
143200,143300,0.7111000000000002,0.7682,0.7552
143300,143400,0.6554000000000001,0.7598,0.7343999999999999
143400,143500,0.7568,0.7778999999999999,0.7625
143500,143600,0.7726,0.8055,0.7909999999999999
143600,143700,0.72355,0.74945,0.7766500000000001
143700,143800,0.70255,0.7553,0.7688999999999999
143800,143900,0.66235,0.7773,0.7964
143900,144000,0.67685,0.7394,0.7306
144000,144100,0.7095,0.7871,0.7917
144100,144200,0.69555,0.7468999999999999,0.7202
144200,144300,0.71475,0.7404,0.8442
144300,144400,0.6722999999999999,0.67765,0.70055
144400,144500,0.7194,0.7983,0.7605
144500,144600,0.7269,0.7753,0.782
144600,144700,0.7247999999999999,0.7387999999999999,0.7093
144700,144800,0.6609999999999999,0.7423,0.7385
144800,144900,0.65075,0.7733000000000001,0.7686999999999999
144900,145000,0.6831,0.7611999999999999,0.8042
145000,145100,0.7091000000000001,0.7429,0.7413000000000001
145100,145200,0.7030000000000001,0.7288,0.7607999999999999
145200,145300,0.7188,0.7714000000000001,0.8153999999999999
145300,145400,0.7073000000000002,0.7517,0.74
145400,145500,0.7563500000000001,0.751,0.748
145500,145600,0.6402999999999999,0.6568,0.7495999999999999
145600,145700,0.6353,0.7527,0.7084
145700,145800,0.7249,0.7202,0.7804
145800,145900,0.7108000000000001,0.7936,0.761
145900,146000,0.6990000000000001,0.7569999999999999,0.7769999999999999
146000,146100,0.81645,0.7797000000000001,0.8291
146100,146200,0.67405,0.7708999999999999,0.7825
146200,146300,0.7492000000000001,0.7834,0.7608
146300,146400,0.713,0.7863,0.7246
146400,146500,0.7524,0.8219000000000001,0.805
146500,146600,0.75505,0.8221,0.8231
146600,146700,0.7056,0.80645,0.8402499999999999
146700,146800,0.7143000000000002,0.8462000000000001,0.7917
146800,146900,0.7847999999999999,0.7391,0.728
146900,147000,0.68755,0.7774,0.7971
147000,147100,0.6879,0.7164999999999999,0.7168
147100,147200,0.7272500000000001,0.8006,0.7549
147200,147300,0.70145,0.7818,0.7657
147300,147400,0.6609499999999999,0.7613,0.7485999999999999
147400,147500,0.6631,0.8128,0.8239
147500,147600,0.6931,0.7868999999999999,0.7897000000000001
147600,147700,0.6377999999999999,0.7553000000000001,0.7587999999999999
147700,147800,0.629,0.7653,0.7538
147800,147900,0.6492499999999999,0.6969000000000001,0.7374
147900,148000,0.6835,0.775,0.8085
148000,148100,0.7218500000000001,0.7598,0.7778
148100,148200,0.7443000000000001,0.7689,0.7941
148200,148300,0.6753,0.7641,0.7679
148300,148400,0.7476499999999999,0.762,0.7755
148400,148500,0.6487,0.824,0.7538
148500,148600,0.7156999999999999,0.8129,0.783
148600,148700,0.7114,0.7554000000000001,0.7807
148700,148800,0.6748999999999999,0.7928999999999999,0.8059
148800,148900,0.69425,0.7717,0.7717
148900,149000,0.614,0.8364,0.8094000000000001
149000,149100,0.7881,0.79,0.8156
149100,149200,0.7506499999999999,0.7689,0.8195
149200,149300,0.6714,0.7411,0.7174
149300,149400,0.6238499999999999,0.7137,0.7142
149400,149500,0.65225,0.6822,0.7567999999999999
149500,149600,0.6712000000000001,0.7669000000000001,0.7181000000000001
149600,149700,0.7244,0.8340000000000001,0.8405
149700,149800,0.65705,0.7170000000000001,0.7352
149800,149900,0.6935499999999999,0.7688,0.7997000000000001
149900,150000,0.6809499999999999,0.8241,0.8016
150000,150100,0.65695,0.77085,0.71635
150100,150200,0.72765,0.7670999999999999,0.766
150200,150300,0.7439500000000002,0.8026,0.7763
150300,150400,0.6991499999999999,0.8171999999999999,0.8124
150400,150500,0.6792,0.7498,0.7558
150500,150600,0.7508999999999999,0.7423,0.7323
150600,150700,0.6049,0.7050000000000001,0.7735
150700,150800,0.7644,0.7331000000000001,0.7605999999999999
150800,150900,0.6990000000000001,0.8094,0.8087
150900,151000,0.8021,0.8187,0.8139000000000001
151000,151100,0.6927,0.8074,0.8337000000000001
151100,151200,0.7404999999999999,0.8021,0.7739
151200,151300,0.60725,0.7622,0.7472
151300,151400,0.6242,0.7738,0.7302
151400,151500,0.7054,0.8044,0.8421000000000001
151500,151600,0.7552500000000001,0.7934999999999999,0.7577
151600,151700,0.6437999999999999,0.7817000000000001,0.7993
151700,151800,0.6726000000000001,0.7721,0.7621
151800,151900,0.6691,0.7462,0.7585000000000001
151900,152000,0.7227999999999999,0.7893,0.8235
152000,152100,0.6482500000000001,0.7754,0.7757000000000001
152100,152200,0.7093,0.8022,0.7671
152200,152300,0.7369,0.7827,0.803
152300,152400,0.64565,0.7703,0.7493000000000001
152400,152500,0.6982,0.7657,0.7445999999999999
152500,152600,0.6619,0.7949999999999999,0.8128
152600,152700,0.7084500000000001,0.762,0.7929
152700,152800,0.7293,0.7456999999999999,0.7628
152800,152900,0.7537499999999999,0.7678,0.79
152900,153000,0.7426,0.8147,0.8188
153000,153100,0.66335,0.7939,0.7264999999999999
153100,153200,0.73395,0.8219000000000001,0.8355000000000001
153200,153300,0.7234499999999999,0.8615999999999999,0.8139000000000001
153300,153400,0.7200500000000001,0.8328500000000001,0.81795
153400,153500,0.7412000000000001,0.8257,0.7573
153500,153600,0.73855,0.8271,0.7679
153600,153700,0.7024,0.8166,0.7787000000000001
153700,153800,0.77115,0.8046,0.7823
153800,153900,0.6964,0.7906,0.8189
153900,154000,0.7467499999999999,0.8217,0.7504
154000,154100,0.74715,0.7807999999999999,0.8031999999999999
154100,154200,0.6973500000000001,0.7633,0.7699
154200,154300,0.7229,0.7553000000000001,0.7444000000000001
154300,154400,0.7526999999999999,0.7756000000000001,0.7858
154400,154500,0.7661,0.8163,0.8271999999999999
154500,154600,0.6218999999999999,0.6501999999999999,0.6498999999999999
154600,154700,0.7232000000000001,0.7341,0.7627
154700,154800,0.6710499999999999,0.7645,0.7506999999999999
154800,154900,0.63315,0.7193,0.6765
154900,155000,0.7095,0.774,0.83
155000,155100,0.6846999999999999,0.7695,0.7823
155100,155200,0.73325,0.8005,0.8157
155200,155300,0.6987,0.7697,0.7329
155300,155400,0.7207,0.7745,0.7483
155400,155500,0.6657500000000001,0.7872,0.7765000000000001
155500,155600,0.7084,0.745,0.7444999999999999
155600,155700,0.6653500000000001,0.7969,0.8284
155700,155800,0.645,0.8119000000000001,0.7589
155800,155900,0.6661,0.7873000000000001,0.8463
155900,156000,0.57615,0.7846,0.7851
156000,156100,0.65855,0.72435,0.74455
156100,156200,0.6969500000000001,0.8352999999999999,0.8367
156200,156300,0.6122,0.7602,0.7827
156300,156400,0.6467,0.7924,0.7564
156400,156500,0.6607,0.7716999999999999,0.7169000000000001
156500,156600,0.65145,0.68165,0.7354499999999999
156600,156700,0.73065,0.7864,0.8099
156700,156800,0.6477,0.7363,0.7664
156800,156900,0.47155,0.8139,0.8315
156900,157000,0.55365,0.7291,0.7991999999999999
157000,157100,0.6123000000000001,0.8348,0.8504999999999999
157100,157200,0.6488,0.7221,0.7571
157200,157300,0.67875,0.7423,0.8048
157300,157400,0.6859999999999999,0.7533,0.7842
157400,157500,0.7073499999999999,0.8306,0.8134
157500,157600,0.5940000000000001,0.7169999999999999,0.7476999999999999
157600,157700,0.68485,0.7896,0.7909
157700,157800,0.5624,0.8449,0.8417
157800,157900,0.61165,0.8034,0.7849999999999999
157900,158000,0.6892,0.8055,0.7766
158000,158100,0.6709499999999999,0.7807999999999999,0.835
158100,158200,0.6563000000000001,0.8267,0.8237
158200,158300,0.7366,0.7978000000000001,0.7964
158300,158400,0.69915,0.7139,0.7049000000000001
158400,158500,0.6567000000000002,0.7725,0.7513
158500,158600,0.70135,0.8262,0.8183
158600,158700,0.73485,0.722,0.7422
158700,158800,0.6960999999999999,0.7457,0.7675000000000001
158800,158900,0.7196499999999999,0.7698,0.7372
158900,159000,0.6476000000000002,0.7676000000000001,0.7926
159000,159100,0.7307999999999999,0.7601,0.7615000000000001
159100,159200,0.67815,0.765,0.7176
159200,159300,0.76795,0.7092,0.6612
159300,159400,0.6012,0.7387,0.7099
159400,159500,0.7288,0.8160000000000001,0.7965
159500,159600,0.6802500000000001,0.8153999999999999,0.7468000000000001
159600,159700,0.68995,0.7605000000000001,0.736
159700,159800,0.7272,0.7471,0.7932
159800,159900,0.6892,0.7787999999999999,0.7521
159900,160000,0.69065,0.8060999999999999,0.7536999999999999
160000,160100,0.7127999999999999,0.8143,0.7947
160100,160200,0.6698500000000001,0.7191,0.7594
160200,160300,0.6653000000000001,0.7719,0.7592
160300,160400,0.6549,0.7816,0.7902
160400,160500,0.76055,0.7433,0.7466999999999999
160500,160600,0.6872,0.7967,0.7988999999999999
160600,160700,0.6639000000000002,0.7599,0.7616
160700,160800,0.8184499999999999,0.8240000000000001,0.7608
160800,160900,0.8118,0.8388,0.8128
160900,161000,0.7888999999999999,0.8094,0.796
161000,161100,0.655,0.8099,0.7529999999999999
161100,161200,0.6353500000000001,0.7586,0.7458
161200,161300,0.64975,0.7778,0.7822
161300,161400,0.7182499999999999,0.7397,0.763
161400,161500,0.7069,0.7312000000000001,0.7323
161500,161600,0.6355500000000001,0.7067,0.7077
161600,161700,0.6194,0.7853,0.7917000000000001
161700,161800,0.7630000000000001,0.7761,0.6785000000000001
161800,161900,0.6881999999999999,0.77275,0.75865
161900,162000,0.5463999999999999,0.8139000000000001,0.7974000000000001
162000,162100,0.6457999999999999,0.8384,0.8328
162100,162200,0.6447499999999999,0.7495,0.7838
162200,162300,0.669,0.7127,0.8312
162300,162400,0.6829000000000001,0.8045,0.7941
162400,162500,0.7088,0.8188,0.8130000000000001
162500,162600,0.63025,0.7864,0.7482
162600,162700,0.6570500000000001,0.76815,0.77965
162700,162800,0.7264,0.8271999999999999,0.7958000000000001
162800,162900,0.59975,0.8054,0.7928
162900,163000,0.7139000000000001,0.8282499999999999,0.78285
163000,163100,0.6741999999999999,0.8199000000000001,0.8163
163100,163200,0.6763,0.7793000000000001,0.7323000000000001
163200,163300,0.62845,0.7185,0.7609
163300,163400,0.7709,0.7744000000000001,0.8357000000000001
163400,163500,0.7484,0.8399,0.8347
163500,163600,0.74195,0.8048500000000001,0.80605
163600,163700,0.7783,0.8030999999999999,0.8184
163700,163800,0.7045,0.8195999999999999,0.8089
163800,163900,0.6098,0.6723,0.7059000000000001
163900,164000,0.72925,0.7458,0.7848
164000,164100,0.67725,0.7976,0.8429
164100,164200,0.79645,0.8527,0.8558
164200,164300,0.7080500000000001,0.8191999999999999,0.8332
164300,164400,0.71565,0.7404999999999999,0.7981
164400,164500,0.7429000000000001,0.8099000000000001,0.8235
164500,164600,0.6456,0.782,0.7754
164600,164700,0.7378000000000001,0.7813,0.7564
164700,164800,0.61035,0.802,0.7486999999999999
164800,164900,0.7196,0.8031,0.8311999999999999
164900,165000,0.6799499999999999,0.8351999999999999,0.8355999999999999
165000,165100,0.6891,0.86605,0.87975
165100,165200,0.67775,0.7665,0.7848999999999999
165200,165300,0.742,0.8337,0.782
165300,165400,0.6899500000000001,0.7555999999999999,0.7051
165400,165500,0.6646000000000001,0.7386999999999999,0.7747
165500,165600,0.6927000000000001,0.7883,0.7958000000000001
165600,165700,0.58075,0.7955,0.753
165700,165800,0.6567500000000002,0.7444999999999999,0.7452
165800,165900,0.73235,0.8304,0.8275
165900,166000,0.67135,0.8162,0.8110999999999999
166000,166100,0.63695,0.8083,0.7850999999999999
166100,166200,0.6496999999999999,0.7517,0.7666
166200,166300,0.7121999999999999,0.7685,0.7829999999999999
166300,166400,0.7071,0.76,0.7079000000000001
166400,166500,0.6913,0.8411000000000001,0.8463
166500,166600,0.6828000000000001,0.80565,0.8048500000000001
166600,166700,0.7858,0.8704000000000001,0.8702
166700,166800,0.7471499999999999,0.8091999999999999,0.7968
166800,166900,0.73675,0.7786500000000001,0.77515
166900,167000,0.6977000000000001,0.8525,0.7999
167000,167100,0.69445,0.8211999999999999,0.8252999999999999
167100,167200,0.6594,0.7683,0.7565999999999999
167200,167300,0.7161000000000001,0.7747999999999999,0.7913
167300,167400,0.7608,0.8529,0.77
167400,167500,0.6424000000000001,0.8392999999999999,0.7945
167500,167600,0.7554500000000001,0.8157,0.8257
167600,167700,0.6732499999999999,0.6994,0.8184
167700,167800,0.7712000000000001,0.7618,0.7731
167800,167900,0.7274,0.7886,0.7871
167900,168000,0.7129,0.78735,0.82795
168000,168100,0.72315,0.7648999999999999,0.8045
168100,168200,0.65775,0.8097,0.7624
168200,168300,0.6855999999999999,0.7860999999999999,0.7572
168300,168400,0.6405500000000001,0.7689,0.7117
168400,168500,0.629,0.8,0.8312999999999999
168500,168600,0.7051999999999999,0.8698,0.8704000000000001
168600,168700,0.7148,0.8207,0.7411
168700,168800,0.6414,0.7745,0.758
168800,168900,0.68105,0.7381,0.7013
168900,169000,0.7352,0.7363,0.7195
169000,169100,0.7090000000000001,0.756,0.8128
169100,169200,0.78555,0.7742,0.8091
169200,169300,0.70695,0.7407,0.7383000000000001
169300,169400,0.7172,0.7485999999999999,0.7646000000000001
169400,169500,0.6713000000000001,0.7339,0.7325
169500,169600,0.6125,0.7642,0.7759
169600,169700,0.6379,0.7038,0.728
169700,169800,0.72875,0.8073,0.7446
169800,169900,0.7585999999999999,0.8432,0.8023999999999999
169900,170000,0.6668000000000001,0.7902,0.7904
170000,170100,0.6856500000000001,0.7352000000000001,0.7509
170100,170200,0.72715,0.7964,0.8045
170200,170300,0.71335,0.7552000000000001,0.7663
170300,170400,0.70895,0.7735,0.8215999999999999
170400,170500,0.7020000000000001,0.7773,0.8131
170500,170600,0.69735,0.7713,0.7842
170600,170700,0.46145,0.7704,0.7454999999999999
170700,170800,0.6711500000000001,0.7779,0.7935
170800,170900,0.6757000000000001,0.7856,0.7706999999999999
170900,171000,0.5559,0.85775,0.86035
171000,171100,0.53745,0.8811,0.8540000000000001
171100,171200,0.6673,0.7806,0.77
171200,171300,0.704,0.7387,0.7194999999999999
171300,171400,0.7073,0.8171,0.7956
171400,171500,0.8221999999999999,0.8635999999999999,0.8441000000000001
171500,171600,0.76955,0.8597,0.8709
171600,171700,0.7685500000000001,0.7894,0.8191999999999999
171700,171800,0.71965,0.7992,0.7992
171800,171900,0.6033999999999999,0.7767000000000001,0.7999
171900,172000,0.7338,0.7379,0.7575000000000001
172000,172100,0.7367,0.7714,0.7226
172100,172200,0.7026999999999999,0.8006,0.7584
172200,172300,0.6969,0.80265,0.8030499999999999
172300,172400,0.70525,0.8515999999999999,0.8507
172400,172500,0.6694500000000001,0.7493000000000001,0.7793
172500,172600,0.6764999999999999,0.7695000000000001,0.8086
172600,172700,0.7195500000000002,0.8146,0.7815
172700,172800,0.7642,0.79785,0.79645
172800,172900,0.7198,0.8110999999999999,0.769
172900,173000,0.69565,0.7941,0.8224
173000,173100,0.5561,0.7557,0.7324999999999999
173100,173200,0.7788,0.8394,0.8478
173200,173300,0.62285,0.7834,0.7815
173300,173400,0.6097500000000001,0.7688999999999999,0.7336
173400,173500,0.60065,0.7826,0.7982
173500,173600,0.6681999999999999,0.8216,0.8119000000000001
173600,173700,0.7005000000000001,0.8183,0.7363999999999999
173700,173800,0.6961,0.7658,0.7783
173800,173900,0.6823,0.7795000000000001,0.7784
173900,174000,0.6967500000000001,0.7659,0.7794
174000,174100,0.72165,0.8437,0.8311000000000001
174100,174200,0.7056,0.7622,0.7649
174200,174300,0.6053000000000002,0.7932,0.7783
174300,174400,0.6997999999999999,0.7213,0.7333000000000001
174400,174500,0.7428999999999999,0.7781,0.7799
174500,174600,0.65515,0.7928,0.7792
174600,174700,0.58445,0.7779999999999999,0.8081
174700,174800,0.6053499999999999,0.7521,0.6900999999999999
174800,174900,0.5374,0.7726999999999999,0.8044
174900,175000,0.6309,0.7474000000000001,0.7602
175000,175100,0.6799499999999999,0.835,0.84
175100,175200,0.7203999999999999,0.8576,0.8845999999999999
175200,175300,0.6811,0.8161,0.8048
175300,175400,0.6633500000000001,0.7247,0.7655000000000001
175400,175500,0.66435,0.7843,0.7545000000000001
175500,175600,0.5953999999999999,0.74455,0.78485
175600,175700,0.7137500000000001,0.7696000000000001,0.8252999999999999
175700,175800,0.6734,0.75,0.7836
175800,175900,0.7059500000000001,0.7906,0.7678
175900,176000,0.7391,0.7699,0.7679
176000,176100,0.6953500000000001,0.7593,0.7762
176100,176200,0.6566,0.7986,0.7674000000000001
176200,176300,0.59125,0.7031,0.7417
176300,176400,0.74955,0.7634,0.7558999999999999
176400,176500,0.5886999999999999,0.7588,0.801
176500,176600,0.59455,0.7891999999999999,0.7955000000000001
176600,176700,0.6831,0.7276,0.7541
176700,176800,0.6606500000000001,0.7298,0.715
176800,176900,0.6771,0.7890000000000001,0.7451000000000001
176900,177000,0.6983000000000001,0.7377,0.7682
177000,177100,0.68845,0.74585,0.79005
177100,177200,0.7236,0.8056,0.7757000000000001
177200,177300,0.7075499999999999,0.8066,0.8194999999999999
177300,177400,0.57995,0.8246,0.8018000000000001
177400,177500,0.6776500000000001,0.8302,0.7639
177500,177600,0.69965,0.7404,0.7242999999999999
177600,177700,0.7232500000000001,0.7827,0.7729999999999999
177700,177800,0.65345,0.7641,0.7995
177800,177900,0.7019,0.7919,0.7576
177900,178000,0.70165,0.7104999999999999,0.7446999999999999
178000,178100,0.7467,0.8178000000000001,0.8194
178100,178200,0.7570000000000002,0.7714000000000001,0.8189
178200,178300,0.7251000000000001,0.8134,0.7726
178300,178400,0.5996499999999999,0.7011000000000001,0.6934
178400,178500,0.60375,0.7456,0.73
178500,178600,0.6066,0.745,0.7754
178600,178700,0.7101,0.727,0.7961
178700,178800,0.7137,0.7901,0.7693000000000001
178800,178900,0.6812,0.7922,0.7646000000000001
178900,179000,0.69135,0.7669,0.7891999999999999
179000,179100,0.69755,0.7546,0.7495
179100,179200,0.7164000000000001,0.7732,0.8262
179200,179300,0.734,0.7798999999999999,0.7659
179300,179400,0.73215,0.8112,0.7792000000000001
179400,179500,0.7369500000000002,0.75895,0.79435
179500,179600,0.6901,0.7973,0.7582
179600,179700,0.6446000000000001,0.7734,0.7696000000000001
179700,179800,0.69615,0.7897000000000001,0.7713000000000001
179800,179900,0.6446,0.7712000000000001,0.7543
179900,180000,0.6725,0.7454,0.7426999999999999
180000,180100,0.7419,0.7814,0.7776000000000001
180100,180200,0.677,0.7284,0.7392
180200,180300,0.6900999999999999,0.7756000000000001,0.7527999999999999
180300,180400,0.7315500000000001,0.7515000000000001,0.7603
180400,180500,0.6968,0.7364,0.7693
180500,180600,0.694,0.738,0.7378
180600,180700,0.7052499999999999,0.7897000000000001,0.7693999999999999
180700,180800,0.76905,0.77695,0.80665
180800,180900,0.6320000000000001,0.7636000000000001,0.7187000000000001
180900,181000,0.6318,0.7926,0.7942
181000,181100,0.6921999999999999,0.8416,0.8159000000000001
181100,181200,0.6773,0.8039000000000001,0.8126
181200,181300,0.66625,0.7750999999999999,0.7694
181300,181400,0.6996,0.7598,0.8228
181400,181500,0.5776,0.6903,0.7079
181500,181600,0.6685000000000001,0.7138,0.7415
181600,181700,0.7403000000000001,0.7690499999999999,0.7723500000000001
181700,181800,0.6606500000000001,0.7399,0.7455
181800,181900,0.6446500000000001,0.7512,0.7275
181900,182000,0.6282,0.8193,0.8237
182000,182100,0.6840999999999999,0.725,0.7384999999999999
182100,182200,0.6489,0.7317,0.732
182200,182300,0.6519,0.8239000000000001,0.8427
182300,182400,0.64415,0.78625,0.79535
182400,182500,0.6403000000000001,0.7795,0.7854
182500,182600,0.69695,0.7645,0.7842
182600,182700,0.7285999999999999,0.7924,0.8387
182700,182800,0.5583,0.7424,0.785
182800,182900,0.7122,0.7623,0.8063
182900,183000,0.6893,0.7761,0.813
183000,183100,0.6586500000000001,0.7946,0.8107
183100,183200,0.67535,0.7648,0.7804
183200,183300,0.71435,0.7617,0.7565
183300,183400,0.7441500000000001,0.7887,0.8009
183400,183500,0.7013,0.7826,0.8076
183500,183600,0.71255,0.7804999999999999,0.7806
183600,183700,0.7046500000000001,0.7973,0.75
183700,183800,0.7081500000000001,0.8283,0.8183
183800,183900,0.7344499999999999,0.7469,0.7632000000000001
183900,184000,0.7101500000000001,0.7808999999999999,0.8202
184000,184100,0.6801,0.8407,0.8059000000000001
184100,184200,0.7067500000000001,0.7525,0.769
184200,184300,0.6993,0.7933000000000001,0.7883
184300,184400,0.6309,0.8102,0.7804
184400,184500,0.69885,0.8034000000000001,0.7522
184500,184600,0.6119500000000001,0.6877,0.7286
184600,184700,0.7095,0.7903,0.8148
184700,184800,0.7250500000000001,0.797,0.8155
184800,184900,0.72775,0.7978,0.8495
184900,185000,0.70945,0.7293000000000001,0.7389
185000,185100,0.5924,0.8360000000000001,0.7887
185100,185200,0.67025,0.8028,0.8034
185200,185300,0.7121,0.74915,0.76625
185300,185400,0.7244999999999999,0.7701,0.7817
185400,185500,0.65635,0.7535000000000001,0.7248
185500,185600,0.6646,0.7285999999999999,0.8268
185600,185700,0.7263,0.7888,0.7599
185700,185800,0.6428499999999999,0.7901,0.7922
185800,185900,0.6323500000000001,0.7387,0.8147
185900,186000,0.62065,0.7439,0.7723000000000001
186000,186100,0.7057,0.7891,0.827
186100,186200,0.6643000000000001,0.7599,0.7523
186200,186300,0.6213500000000002,0.7029,0.7756000000000001
186300,186400,0.71795,0.7466,0.7702
186400,186500,0.6087,0.8184,0.8322
186500,186600,0.6705500000000001,0.7363999999999999,0.7772
186600,186700,0.75715,0.8122,0.8079000000000001
186700,186800,0.65635,0.739,0.7682000000000001
186800,186900,0.577,0.7941,0.784
186900,187000,0.5706500000000001,0.76375,0.82345
187000,187100,0.50375,0.7921,0.7622
187100,187200,0.6087499999999999,0.7777000000000001,0.8166
187200,187300,0.5667500000000001,0.7733,0.7908
187300,187400,0.6923,0.8380000000000001,0.8232
187400,187500,0.6797500000000001,0.7661,0.8049
187500,187600,0.759,0.8548,0.8224
187600,187700,0.6677,0.7351,0.7726999999999999
187700,187800,0.7242000000000001,0.7379,0.7444
187800,187900,0.66295,0.745,0.7907
187900,188000,0.6454500000000001,0.78525,0.7787
188000,188100,0.7446,0.7443,0.7796
188100,188200,0.6349,0.7888999999999999,0.7573
188200,188300,0.7117999999999999,0.8989999999999999,0.8857
188300,188400,0.60925,0.7241,0.7837000000000001
188400,188500,0.65995,0.7366,0.7624
188500,188600,0.6825500000000001,0.7779,0.8115
188600,188700,0.6996,0.7873,0.7468
188700,188800,0.6407,0.7494999999999999,0.7901
188800,188900,0.7424499999999999,0.7853,0.8014
188900,189000,0.54155,0.7760999999999999,0.81
189000,189100,0.7229500000000001,0.7871999999999999,0.8171
189100,189200,0.57065,0.7599,0.8237
189200,189300,0.69185,0.8398,0.8063
189300,189400,0.7497999999999999,0.7761,0.8159
189400,189500,0.5964,0.7036,0.7271000000000001
189500,189600,0.6880000000000001,0.8064,0.7946
189600,189700,0.6906499999999999,0.7598,0.7788
189700,189800,0.7162,0.7603,0.7642
189800,189900,0.79115,0.7982,0.8411
189900,190000,0.6800499999999999,0.7804,0.8434
190000,190100,0.6705,0.8402000000000001,0.8419
190100,190200,0.7305,0.8077000000000001,0.8273999999999999
190200,190300,0.7049,0.7843,0.8009999999999999
190300,190400,0.61175,0.7612,0.8231
190400,190500,0.6391499999999999,0.8000999999999999,0.8338000000000001
190500,190600,0.64785,0.78005,0.77535
190600,190700,0.6393500000000001,0.7808999999999999,0.7626999999999999
190700,190800,0.6572000000000001,0.751,0.8110999999999999
190800,190900,0.68765,0.7984,0.7769999999999999
190900,191000,0.7415,0.8191999999999999,0.8276
191000,191100,0.5357000000000001,0.7282,0.7684
191100,191200,0.5902999999999999,0.8202,0.8187
191200,191300,0.6028,0.7248999999999999,0.7503
191300,191400,0.8108000000000001,0.9062,0.9042
191400,191500,0.61465,0.7893999999999999,0.7776000000000001
191500,191600,0.7159,0.7607999999999999,0.7757999999999999
191600,191700,0.63025,0.7936000000000001,0.7858
191700,191800,0.69965,0.7714,0.7843
191800,191900,0.6463,0.7515999999999999,0.7704
191900,192000,0.7256000000000001,0.81135,0.7697499999999999
192000,192100,0.7164999999999999,0.7959,0.7925
192100,192200,0.62805,0.7278,0.6957
192200,192300,0.7750999999999999,0.844,0.8205
192300,192400,0.72255,0.7798,0.8062
192400,192500,0.6573,0.7492000000000001,0.8412
192500,192600,0.619,0.71,0.7248999999999999
192600,192700,0.5793999999999999,0.7825000000000001,0.7703
192700,192800,0.6491,0.8406,0.8747
192800,192900,0.66185,0.7741,0.7963
192900,193000,0.46260000000000007,0.8509,0.8784
193000,193100,0.7506499999999999,0.798,0.7766
193100,193200,0.6528,0.8009,0.7384999999999999
193200,193300,0.69145,0.8368,0.8482000000000001
193300,193400,0.72365,0.8039999999999999,0.8049
193400,193500,0.6415,0.7812999999999999,0.7729
193500,193600,0.6579999999999999,0.8089,0.7617
193600,193700,0.6455,0.6982999999999999,0.7307
193700,193800,0.6801999999999999,0.7893,0.7934
193800,193900,0.7418,0.8296,0.8378
193900,193966,0.7605601469237833,0.8429752066115703,0.8613406795224976
